Rk,Season,Tm,G,ORtg,eFG%,TOV%,FT/FGA,eFG%
1,1968-69,ATL*,82,,0.46,,0.244,
2,1969-70,ATL*,82,,0.483,,0.254,
3,1970-71,ATL*,82,,0.465,,0.273,0.446
4,1971-72,ATL*,82,,0.46,,0.267,0.465
5,1972-73,ATL*,82,,0.461,,0.226,0.461
6,1973-74,ATL,82,97.7,0.465,17.3,0.22,0.468
7,1974-75,ATL,82,98.3,0.438,14.8,0.226,0.475
8,1975-76,ATL,82,98.4,0.45,15.6,0.247,0.48
9,1976-77,ATL,82,97.8,0.457,17.7,0.256,0.478
10,1977-78,ATL*,82,99.7,0.46,16.1,0.253,0.474
11,1978-79,ATL*,82,105.6,0.473,15.2,0.262,0.489
12,1979-80,ATL*,82,105.2,0.465,15.4,0.29,0.461
13,1980-81,ATL,82,104.3,0.48,16.7,0.293,0.498
14,1981-82,ATL*,82,105.1,0.476,14.6,0.271,0.473
15,1982-83,ATL*,82,102.2,0.472,15,0.222,0.473
16,1983-84,ATL*,82,105.5,0.476,14.4,0.27,0.482
17,1984-85,ATL,82,105.9,0.489,15.3,0.25,0.485
18,1985-86,ATL*,82,107.9,0.493,15.3,0.282,0.481
19,1986-87,ATL*,82,112.6,0.49,13.3,0.283,0.46
20,1987-88,ATL*,82,111.3,0.491,13,0.264,0.481
21,1988-89,ATL*,82,112.2,0.48,13.5,0.3,0.482
22,1989-90,ATL,82,113,0.496,13.5,0.277,0.509
23,1990-91,ATL*,82,110.9,0.482,12.9,0.282,0.509
24,1991-92,ATL,82,107.3,0.481,13,0.203,0.497
25,1992-93,ATL*,82,109.3,0.493,14,0.227,0.516
26,1993-94,ATL*,82,107.2,0.48,13.6,0.221,0.475
27,1994-95,ATL*,82,106.6,0.487,13.9,0.211,0.495
28,1995-96,ATL*,82,109.4,0.49,14,0.229,0.512
29,1996-97,ATL*,82,108.5,0.498,14.6,0.236,0.472
30,1997-98,ATL*,82,108.2,0.481,14.1,0.275,0.468
31,1998-99,ATL*,50,100.5,0.436,14.5,0.277,0.437
32,1999-00,ATL,82,102,0.46,14.1,0.217,0.481
33,2000-01,ATL,82,98.7,0.456,15.5,0.206,0.472
34,2001-02,ATL,82,101.8,0.471,14.6,0.225,0.495
35,2002-03,ATL,82,102.3,0.476,15.7,0.248,0.469
36,2003-04,ATL,82,101,0.465,15.4,0.235,0.476
37,2004-05,ATL,82,100.6,0.464,14.9,0.212,0.513
38,2005-06,ATL,82,106.4,0.486,14.7,0.255,0.513
39,2006-07,ATL,82,103,0.471,15.1,0.263,0.503
40,2007-08,ATL*,82,106.9,0.483,14,0.263,0.501
41,2008-09,ATL*,82,109.3,0.504,12.5,0.238,0.494
42,2009-10,ATL*,82,111.9,0.506,11.4,0.213,0.496
43,2010-11,ATL*,82,106.1,0.501,13.5,0.209,0.495
44,2011-12,ATL*,66,104.9,0.5,13.4,0.192,0.48
45,2012-13,ATL*,82,104.8,0.517,14.2,0.174,0.496
46,2013-14,ATL*,82,105.9,0.515,14.3,0.208,0.51
47,2014-15,ATL*,82,108.9,0.527,13.5,0.201,0.492
48,2015-16,ATL*,82,105.1,0.516,13.8,0.185,0.48
49,2016-17,ATL*,82,104.9,0.504,14.2,0.215,0.507
50,2017-18,ATL,82,105,0.512,14.1,0.185,0.536
51,2018-19,ATL,25,102.4,0.504,15.1,0.198,0.545
52,1968-69,BAL*,82,,0.44,,0.234,
53,1969-70,BAL*,82,,0.458,,0.239,
54,1970-71,BAL*,82,,0.442,,0.226,0.446
55,1971-72,BAL*,82,,0.45,,0.233,0.452
56,1972-73,BAL*,82,,0.464,,0.164,0.441
57,1968-69,BOS*,82,,0.431,,0.233,
58,1969-70,BOS,82,,0.443,,0.259,
59,1970-71,BOS,82,,0.442,,0.232,0.44
60,1971-72,BOS*,82,,0.453,,0.218,0.444
61,1972-73,BOS*,82,,0.448,,0.19,0.434
62,1973-74,BOS*,82,98.6,0.456,16.8,0.21,0.443
63,1974-75,BOS*,82,100,0.458,15.8,0.199,0.444
64,1975-76,BOS*,82,98.9,0.446,15.4,0.209,0.449
65,1976-77,BOS*,82,96.5,0.445,16.1,0.212,0.45
66,1977-78,BOS,82,99.1,0.458,16.1,0.22,0.456
67,1978-79,BOS,82,101.6,0.48,17,0.248,0.508
68,1979-80,BOS*,82,109.4,0.501,15.4,0.258,0.475
69,1980-81,BOS*,82,108.4,0.509,16.2,0.251,0.464
70,1981-82,BOS*,82,109.8,0.502,14.7,0.248,0.472
71,1982-83,BOS*,82,106.9,0.494,15.2,0.229,0.473
72,1983-84,BOS*,82,110.9,0.504,14.6,0.264,0.475
73,1984-85,BOS*,82,112.8,0.515,13.8,0.254,0.481
74,1985-86,BOS*,82,111.8,0.518,14.1,0.244,0.466
75,1986-87,BOS*,82,113.5,0.532,14,0.247,0.471
76,1987-88,BOS*,82,115.4,0.541,14.1,0.267,0.489
77,1988-89,BOS*,82,110.8,0.498,14,0.258,0.493
78,1989-90,BOS*,82,112,0.506,13.4,0.251,0.477
79,1990-91,BOS*,82,112.6,0.52,14,0.228,0.465
80,1991-92,BOS*,82,110.8,0.5,12.7,0.215,0.469
81,1992-93,BOS*,82,108.7,0.495,12.9,0.21,0.479
82,1993-94,BOS,82,104.2,0.482,13.5,0.207,0.494
83,1994-95,BOS*,82,108.6,0.491,14.3,0.249,0.512
84,1995-96,BOS,82,106.4,0.494,14.1,0.235,0.511
85,1996-97,BOS,82,103.9,0.474,14.5,0.237,0.539
86,1997-98,BOS,82,102.6,0.464,14.6,0.206,0.504
87,1998-99,BOS,50,100.4,0.469,14.8,0.179,0.465
88,1999-00,BOS,82,104.8,0.474,13.8,0.236,0.498
89,2000-01,BOS,82,101.4,0.473,14.7,0.25,0.493
90,2001-02,BOS*,82,103.4,0.476,12.8,0.223,0.464
91,2002-03,BOS*,82,101.2,0.47,13.4,0.227,0.471
92,2003-04,BOS*,82,102.1,0.486,15.4,0.245,0.479
93,2004-05,BOS*,82,107.5,0.501,14.7,0.273,0.481
94,2005-06,BOS,82,105.2,0.504,15.7,0.263,0.49
95,2006-07,BOS,82,103.2,0.479,15.4,0.259,0.502
96,2007-08,BOS*,82,110.2,0.522,14.7,0.267,0.457
97,2008-09,BOS*,82,110.5,0.528,15,0.251,0.47
98,2009-10,BOS*,82,107.7,0.522,14.5,0.248,0.487
99,2010-11,BOS*,82,106.2,0.519,14.5,0.235,0.469
100,2011-12,BOS*,66,101,0.496,14.7,0.2,0.452
101,2012-13,BOS*,81,103.1,0.503,14.1,0.204,0.482
102,2013-14,BOS,82,102.9,0.477,14.2,0.193,0.505
103,2014-15,BOS*,82,104.7,0.489,12.5,0.176,0.494
104,2015-16,BOS*,82,106.8,0.488,12.1,0.208,0.487
105,2016-17,BOS*,82,111.2,0.525,12.2,0.22,0.503
106,2017-18,BOS*,82,107.6,0.518,13,0.188,0.495
107,2018-19,BOS,23,108.7,0.517,11.7,0.168,0.5
108,2012-13,BRK*,82,108.2,0.498,14,0.219,0.503
109,2013-14,BRK*,82,106.7,0.514,14.1,0.236,0.509
110,2014-15,BRK*,82,104.4,0.491,13,0.2,0.506
111,2015-16,BRK,82,103.2,0.492,13.6,0.186,0.534
112,2016-17,BRK,82,104.1,0.507,14.7,0.228,0.513
113,2017-18,BRK,82,106.9,0.514,13.6,0.201,0.517
114,2018-19,BRK,26,109.6,0.508,12.3,0.2,0.515
115,1970-71,BUF,82,,0.436,,0.23,0.455
116,1971-72,BUF,82,,0.451,,0.205,0.46
117,1972-73,BUF,82,,0.449,,0.178,0.471
118,1973-74,BUF*,82,99.3,0.48,17.3,0.219,0.467
119,1974-75,BUF*,82,99.8,0.476,16.8,0.232,0.45
120,1975-76,BUF*,82,99,0.476,17.3,0.251,0.461
121,1976-77,BUF,82,97.6,0.45,16.5,0.252,0.478
122,1977-78,BUF,82,100.3,0.466,15.9,0.247,0.476
123,1973-74,CAP*,82,95.6,0.441,15.3,0.177,0.451
124,2004-05,CHA,82,101.1,0.455,13.3,0.217,0.497
125,2005-06,CHA,82,102.5,0.464,13,0.233,0.514
126,2006-07,CHA,82,103.6,0.48,13.9,0.236,0.5
127,2007-08,CHA,82,104.6,0.492,13.9,0.23,0.505
128,2008-09,CHA,82,104.7,0.494,15.1,0.231,0.498
129,2009-10,CHA*,82,104.4,0.49,15.1,0.26,0.491
130,2010-11,CHA,82,103.4,0.482,14.1,0.237,0.5
131,2011-12,CHA,66,95.2,0.439,13.9,0.206,0.512
132,2012-13,CHA,82,101.5,0.46,13.2,0.233,0.524
133,2013-14,CHA*,82,103.6,0.481,11.7,0.219,0.491
134,1988-89,CHH,82,103.7,0.47,13.7,0.213,0.508
135,1989-90,CHH,82,102,0.47,13.2,0.207,0.506
136,1990-91,CHH,82,105,0.477,13.9,0.245,0.504
137,1991-92,CHH,82,107.1,0.485,13,0.216,0.51
138,1992-93,CHH*,82,109.5,0.499,13.8,0.254,0.487
139,1993-94,CHH,82,108.4,0.5,13.6,0.23,0.492
140,1994-95,CHH*,82,109.6,0.517,14.3,0.247,0.485
141,1995-96,CHH,82,111.2,0.514,14.1,0.246,0.529
142,1996-97,CHH*,82,110.9,0.518,14.3,0.243,0.496
143,1997-98,CHH*,82,107.5,0.495,14.6,0.259,0.493
144,1998-99,CHH,50,102.3,0.485,15.5,0.278,0.461
145,1999-00,CHH*,82,104.3,0.475,13.7,0.285,0.478
146,2000-01,CHH*,82,101.8,0.457,13.7,0.246,0.456
147,2001-02,CHH*,82,104.3,0.466,13.3,0.238,0.465
148,2014-15,CHO,82,100.1,0.456,11.2,0.202,0.487
149,2015-16,CHO*,82,107.1,0.502,11.7,0.222,0.496
150,2016-17,CHO,82,108.8,0.501,10.7,0.227,0.523
151,2017-18,CHO,82,109.4,0.508,11.4,0.233,0.532
152,2018-19,CHO,24,112.9,0.524,10.5,0.198,0.528
153,1968-69,CHI,82,,0.418,,0.234,
154,1969-70,CHI*,82,,0.444,,0.272,
155,1970-71,CHI*,82,,0.452,,0.281,0.453
156,1971-72,CHI*,82,,0.451,,0.26,0.454
157,1972-73,CHI*,82,,0.444,,0.201,0.471
158,1973-74,CHI*,82,96.7,0.446,16.8,0.242,0.46
159,1974-75,CHI*,82,97.4,0.447,15.5,0.241,0.448
160,1975-76,CHI,82,95.2,0.414,14.3,0.22,0.467
161,1976-77,CHI*,82,98.3,0.452,16,0.224,0.466
162,1977-78,CHI,82,102,0.473,17,0.265,0.49
163,1978-79,CHI,82,101.3,0.489,18.3,0.23,0.497
164,1979-80,CHI,82,104.3,0.489,17.2,0.291,0.5
165,1980-81,CHI*,82,107.8,0.504,17.2,0.288,0.493
166,1981-82,CHI,82,106.6,0.505,17.3,0.29,0.499
167,1982-83,CHI,82,103.4,0.483,16.9,0.269,0.498
168,1983-84,CHI,82,102.4,0.475,16.3,0.268,0.497
169,1984-85,CHI*,82,108.7,0.502,15.4,0.287,0.495
170,1985-86,CHI*,82,108.6,0.487,14.7,0.266,0.509
171,1986-87,CHI*,82,108.6,0.478,13.4,0.245,0.491
172,1987-88,CHI*,82,109,0.494,13.6,0.24,0.478
173,1988-89,CHI*,82,109.1,0.507,14.4,0.238,0.487
174,1989-90,CHI*,82,112.3,0.516,13.4,0.235,0.508
175,1990-91,CHI*,82,114.6,0.521,12.8,0.225,0.488
176,1991-92,CHI*,82,115.5,0.518,11.8,0.221,0.476
177,1992-93,CHI*,82,112.9,0.499,12,0.199,0.493
178,1993-94,CHI*,82,106.1,0.493,14.6,0.192,0.482
179,1994-95,CHI*,82,109.5,0.509,14.5,0.224,0.488
180,1995-96,CHI*,82,115.2,0.517,13.1,0.217,0.482
181,1996-97,CHI*,82,114.4,0.511,12.5,0.199,0.471
182,1997-98,CHI*,82,107.7,0.473,13.3,0.219,0.457
183,1998-99,CHI,50,92.4,0.424,15.1,0.219,0.483
184,1999-00,CHI,82,94.2,0.443,18,0.24,0.484
185,2000-01,CHI,82,97.2,0.45,15.1,0.22,0.499
186,2001-02,CHI,82,98.2,0.456,14.6,0.218,0.497
187,2002-03,CHI,82,100.2,0.471,15.4,0.217,0.47
188,2003-04,CHI,82,96.6,0.446,14.9,0.197,0.469
189,2004-05,CHI*,82,101.4,0.471,15.5,0.233,0.454
190,2005-06,CHI*,82,104,0.487,13.9,0.216,0.464
191,2006-07,CHI*,82,104.9,0.493,14.7,0.229,0.473
192,2007-08,CHI,82,103.9,0.47,13.4,0.223,0.496
193,2008-09,CHI*,82,108.4,0.493,13.3,0.239,0.493
194,2009-10,CHI*,82,103.5,0.477,13.3,0.217,0.484
195,2010-11,CHI*,82,108.3,0.501,13.5,0.227,0.463
196,2011-12,CHI*,66,107.4,0.49,13.2,0.184,0.45
197,2012-13,CHI*,82,103.5,0.47,13.6,0.201,0.477
198,2013-14,CHI*,82,102.5,0.471,14.2,0.226,0.471
199,2014-15,CHI*,82,107.5,0.489,12.9,0.238,0.473
200,2015-16,CHI,82,105,0.487,12.6,0.189,0.485
201,2016-17,CHI*,82,107.4,0.487,12.3,0.206,0.507
202,2017-18,CHI,82,103.8,0.497,12.6,0.164,0.542
203,2018-19,CHI,25,101.5,0.496,13.4,0.182,0.525
204,1968-69,CIN,82,,0.46,,0.292,
205,1969-70,CIN,82,,0.455,,0.252,
206,1970-71,CIN,82,,0.454,,0.227,0.467
207,1971-72,CIN,82,,0.459,,0.26,0.466
208,1970-71,CLE,82,,0.424,,0.228,0.465
209,1971-72,CLE,82,,0.428,,0.218,0.485
210,1972-73,CLE,82,,0.435,,0.197,0.452
211,1973-74,CLE,82,96,0.439,15.3,0.177,0.469
212,1974-75,CLE,82,97.6,0.462,15.2,0.177,0.451
213,1975-76,CLE*,82,99.5,0.454,13.5,0.175,0.454
214,1976-77,CLE*,82,100,0.449,13.7,0.191,0.449
215,1977-78,CLE*,82,99.9,0.454,13.8,0.204,0.456
216,1978-79,CLE,82,103.7,0.468,13.9,0.213,0.503
217,1979-80,CLE,82,106.7,0.476,13.2,0.212,0.505
218,1980-81,CLE,82,104.3,0.472,14.2,0.195,0.507
219,1981-82,CLE,82,103.3,0.466,13.7,0.222,0.515
220,1982-83,CLE,82,99.2,0.467,16.4,0.204,0.492
221,1983-84,CLE,82,104.1,0.468,14,0.224,0.49
222,1984-85,CLE*,82,106,0.478,14.1,0.254,0.483
223,1985-86,CLE,82,105.5,0.49,14.6,0.241,0.48
224,1986-87,CLE,82,102.6,0.476,16.4,0.25,0.484
225,1987-88,CLE*,82,106.8,0.5,15.5,0.268,0.485
226,1988-89,CLE*,82,110.6,0.514,14.2,0.264,0.473
227,1989-90,CLE*,82,106.9,0.485,13.5,0.235,0.49
228,1990-91,CLE,82,106.1,0.487,14.1,0.243,0.497
229,1991-92,CLE*,82,113.9,0.506,11.8,0.259,0.483
230,1992-93,CLE*,82,112.7,0.518,12.5,0.247,0.482
231,1993-94,CLE*,82,109.4,0.487,12.8,0.258,0.484
232,1994-95,CLE*,82,105.3,0.472,14.2,0.241,0.493
233,1995-96,CLE*,82,109.9,0.51,13.7,0.226,0.506
234,1996-97,CLE,82,104.6,0.493,15,0.215,0.482
235,1997-98,CLE*,82,102.2,0.478,16.5,0.266,0.46
236,1998-99,CLE,50,99.6,0.464,15.9,0.285,0.468
237,1999-00,CLE,82,100.4,0.468,15.6,0.245,0.474
238,2000-01,CLE,82,100.3,0.459,15.4,0.239,0.477
239,2001-02,CLE,82,104.6,0.477,13.8,0.232,0.493
240,2002-03,CLE,82,96.5,0.444,16.4,0.223,0.484
241,2003-04,CLE,82,101.4,0.451,13.7,0.226,0.469
242,2004-05,CLE,82,106.6,0.47,13,0.244,0.485
243,2005-06,CLE*,82,107.8,0.492,13.3,0.263,0.49
244,2006-07,CLE*,82,105.5,0.484,13.4,0.223,0.48
245,2007-08,CLE*,82,106,0.48,13.1,0.221,0.494
246,2008-09,CLE*,82,112.4,0.519,12.5,0.236,0.468
247,2009-10,CLE*,82,111.2,0.532,13.4,0.246,0.482
248,2010-11,CLE,82,102.2,0.472,13.4,0.233,0.524
249,2011-12,CLE,66,101.1,0.463,14.3,0.22,0.508
250,2012-13,CLE,82,104.3,0.473,13,0.2,0.523
251,2013-14,CLE,82,104.2,0.479,13,0.201,0.508
252,2014-15,CLE*,82,111.1,0.52,13.4,0.216,0.502
253,2015-16,CLE*,82,110.9,0.524,12.7,0.194,0.496
254,2016-17,CLE*,82,113.6,0.547,12.6,0.206,0.516
255,2017-18,CLE*,82,112.9,0.547,12.6,0.214,0.54
256,2018-19,CLE,24,107,0.489,12.1,0.196,0.553
257,1980-81,DAL,82,102.4,0.466,15.2,0.27,0.516
258,1981-82,DAL,82,105.9,0.473,13.7,0.241,0.51
259,1982-83,DAL,82,109.4,0.489,13.5,0.245,0.506
260,1983-84,DAL*,82,110,0.503,13.6,0.245,0.503
261,1984-85,DAL*,82,111.5,0.499,12.5,0.253,0.51
262,1985-86,DAL*,82,112.1,0.51,13.3,0.283,0.508
263,1986-87,DAL*,82,114.9,0.503,12.3,0.291,0.486
264,1987-88,DAL*,82,112.2,0.485,13.2,0.275,0.481
265,1988-89,DAL,82,107.4,0.484,13.5,0.258,0.48
266,1989-90,DAL*,82,107.2,0.487,13.6,0.254,0.481
267,1990-91,DAL,82,105.5,0.485,13.3,0.219,0.495
268,1991-92,DAL,82,103,0.458,13.1,0.211,0.483
269,1992-93,DAL,82,99.5,0.455,15.1,0.21,0.519
270,1993-94,DAL,82,100.4,0.449,15,0.205,0.513
271,1994-95,DAL,82,107.6,0.466,13.9,0.221,0.519
272,1995-96,DAL,82,106.1,0.47,13.3,0.192,0.526
273,1996-97,DAL,82,101.1,0.469,15.4,0.213,0.5
274,1997-98,DAL,82,100.5,0.458,13.6,0.194,0.488
275,1998-99,DAL,50,102.3,0.459,13.2,0.218,0.476
276,1999-00,DAL,82,106.6,0.49,12.6,0.2,0.488
277,2000-01,DAL*,82,107.1,0.498,13.1,0.231,0.467
278,2001-02,DAL*,82,112.2,0.507,11.3,0.232,0.485
279,2002-03,DAL*,82,110.7,0.498,10.9,0.213,0.473
280,2003-04,DAL*,82,112.1,0.495,11.1,0.204,0.498
281,2004-05,DAL*,82,110.3,0.492,12.5,0.273,0.472
282,2005-06,DAL*,82,111.8,0.495,13.1,0.285,0.475
283,2006-07,DAL*,82,111.3,0.509,13.4,0.256,0.477
284,2007-08,DAL*,82,111.1,0.502,12.3,0.259,0.474
285,2008-09,DAL*,82,110.5,0.504,12.1,0.224,0.493
286,2009-10,DAL*,82,109.2,0.506,12.3,0.226,0.495
287,2010-11,DAL*,82,109.7,0.525,13.6,0.222,0.488
288,2011-12,DAL*,66,103.3,0.489,13.4,0.19,0.479
289,2012-13,DAL,82,105.9,0.506,13,0.192,0.492
290,2013-14,DAL*,82,111.2,0.526,12.7,0.201,0.515
291,2014-15,DAL*,82,109.5,0.515,11.9,0.197,0.503
292,2015-16,DAL*,82,106.7,0.502,12,0.211,0.504
293,2016-17,DAL,82,105.6,0.505,11.6,0.18,0.529
294,2017-18,DAL,82,106.3,0.513,11.6,0.166,0.532
295,2018-19,DAL,23,109.8,0.528,14,0.228,0.53
296,1976-77,DEN*,82,100.7,0.481,18.8,0.275,0.463
297,1977-78,DEN*,82,102.3,0.477,16.8,0.278,0.472
298,1978-79,DEN*,82,104.4,0.481,16.3,0.28,0.477
299,1979-80,DEN,82,103.4,0.469,15.1,0.25,0.497
300,1980-81,DEN,82,109.4,0.477,13.4,0.3,0.509
301,1981-82,DEN*,82,114.3,0.522,14.1,0.31,0.528
302,1982-83,DEN*,82,109.7,0.495,14,0.272,0.509
303,1983-84,DEN*,82,111.3,0.498,12.8,0.276,0.522
304,1984-85,DEN*,82,110.7,0.491,13.2,0.253,0.516
305,1985-86,DEN*,82,107.1,0.475,13,0.245,0.495
306,1986-87,DEN*,82,109.3,0.478,11.8,0.248,0.503
307,1987-88,DEN*,82,110.1,0.486,11.7,0.231,0.498
308,1988-89,DEN*,82,108.6,0.482,11.8,0.224,0.505
309,1989-90,DEN*,82,108,0.478,11.2,0.217,0.501
310,1990-91,DEN,82,105.2,0.457,11.9,0.195,0.524
311,1991-92,DEN,82,100.7,0.451,14.9,0.207,0.494
312,1992-93,DEN,82,104.6,0.47,14.5,0.245,0.476
313,1993-94,DEN*,82,103.9,0.478,15.3,0.256,0.453
314,1994-95,DEN*,82,109.1,0.511,15.6,0.263,0.487
315,1995-96,DEN,82,105.2,0.481,14.2,0.242,0.492
316,1996-97,DEN,82,104.5,0.486,15.2,0.227,0.501
317,1997-98,DEN,82,99,0.44,15.1,0.259,0.506
318,1998-99,DEN,50,103.1,0.459,13.9,0.253,0.499
319,1999-00,DEN,82,103.5,0.476,14,0.222,0.479
320,2000-01,DEN,82,103.7,0.47,12.8,0.211,0.476
321,2001-02,DEN,82,101.4,0.455,13.6,0.19,0.492
322,2002-03,DEN,82,92.2,0.428,17.1,0.198,0.477
323,2003-04,DEN*,82,103.9,0.467,14.2,0.245,0.481
324,2004-05,DEN*,82,106,0.483,13.8,0.267,0.482
325,2005-06,DEN*,82,105.5,0.488,13.7,0.258,0.493
326,2006-07,DEN*,82,107.6,0.501,14.6,0.268,0.499
327,2007-08,DEN*,82,110,0.51,12.9,0.269,0.499
328,2008-09,DEN*,82,110.4,0.512,14.2,0.29,0.485
329,2009-10,DEN*,82,111.8,0.509,12.7,0.29,0.495
330,2010-11,DEN*,82,112.3,0.526,13.1,0.281,0.5
331,2011-12,DEN*,66,109.2,0.516,14.1,0.239,0.508
332,2012-13,DEN*,82,110.4,0.515,13.6,0.216,0.493
333,2013-14,DEN,82,106,0.497,14,0.222,0.5
334,2014-15,DEN,82,104.5,0.479,12.7,0.204,0.504
335,2015-16,DEN,82,105.6,0.489,13.2,0.216,0.515
336,2016-17,DEN,82,113.2,0.53,13.2,0.214,0.532
337,2017-18,DEN,82,112.5,0.536,13.4,0.198,0.539
338,2018-19,DEN,24,113.1,0.526,12.1,0.186,0.51
339,1968-69,DET,82,,0.451,,0.268,
340,1969-70,DET,82,,0.466,,0.276,
341,1970-71,DET,82,,0.449,,0.271,0.457
342,1971-72,DET,82,,0.454,,0.258,0.472
343,1972-73,DET,82,,0.463,,0.216,0.472
344,1973-74,DET*,82,97.6,0.459,17.2,0.22,0.45
345,1974-75,DET*,82,98.3,0.466,16.4,0.217,0.47
346,1975-76,DET*,82,99.2,0.464,16,0.205,0.467
347,1976-77,DET*,82,100.3,0.483,16.6,0.185,0.472
348,1977-78,DET,82,100.3,0.478,17.9,0.247,0.479
349,1978-79,DET,82,102.1,0.475,15.4,0.206,0.493
350,1979-80,DET,82,101.2,0.483,16.9,0.209,0.499
351,1980-81,DET,82,98.1,0.464,18,0.242,0.512
352,1981-82,DET,82,105.8,0.485,16,0.262,0.512
353,1982-83,DET,82,105.4,0.481,15.1,0.253,0.496
354,1983-84,DET*,82,111.5,0.482,12.7,0.25,0.5
355,1984-85,DET*,82,109.6,0.483,13,0.223,0.501
356,1985-86,DET*,82,109,0.488,13.3,0.232,0.496
357,1986-87,DET*,82,109.2,0.492,14.5,0.275,0.471
358,1987-88,DET*,82,110.5,0.497,14.2,0.282,0.475
359,1988-89,DET*,82,110.8,0.502,14.4,0.266,0.458
360,1989-90,DET*,82,109.9,0.49,13.4,0.245,0.461
361,1990-91,DET*,82,108.2,0.474,13.1,0.245,0.464
362,1991-92,DET*,82,107.5,0.477,13.5,0.228,0.468
363,1992-93,DET,82,107.4,0.473,12.5,0.198,0.5
364,1993-94,DET,82,102.7,0.477,13.7,0.179,0.493
365,1994-95,DET,82,105.1,0.499,15,0.217,0.51
366,1995-96,DET*,82,107.9,0.504,14.6,0.271,0.483
367,1996-97,DET*,82,110.6,0.512,13,0.244,0.487
368,1997-98,DET,82,105.3,0.472,14,0.267,0.474
369,1998-99,DET*,50,104.2,0.48,15.6,0.256,0.468
370,1999-00,DET*,82,107.3,0.492,14.3,0.295,0.499
371,2000-01,DET,82,100,0.453,14.2,0.234,0.466
372,2001-02,DET*,82,104.8,0.497,14.3,0.235,0.474
373,2002-03,DET*,82,104.1,0.473,13.3,0.248,0.461
374,2003-04,DET*,82,102,0.461,14.7,0.247,0.441
375,2004-05,DET*,82,105.6,0.472,13.3,0.247,0.461
376,2005-06,DET*,82,110.8,0.497,11.2,0.216,0.477
377,2006-07,DET*,82,108.9,0.488,12,0.237,0.477
378,2007-08,DET*,82,111.4,0.495,11.4,0.23,0.47
379,2008-09,DET*,82,107.4,0.483,11.7,0.212,0.485
380,2009-10,DET,82,105.6,0.474,12.8,0.22,0.526
381,2010-11,DET,82,107.7,0.495,12.5,0.206,0.526
382,2011-12,DET,66,101,0.468,15,0.21,0.5
383,2012-13,DET,82,103.8,0.487,14.3,0.197,0.505
384,2013-14,DET,82,105.9,0.482,12.9,0.199,0.52
385,2014-15,DET,82,105.3,0.482,12.3,0.184,0.502
386,2015-16,DET*,82,106.1,0.491,12.2,0.197,0.504
387,2016-17,DET,82,106,0.492,10.9,0.157,0.516
388,2017-18,DET,82,107.2,0.512,12.3,0.169,0.524
389,2018-19,DET,22,107.2,0.489,12,0.205,0.516
390,1971-72,GSW*,82,,0.439,,0.242,0.44
391,1972-73,GSW*,82,,0.455,,0.183,0.441
392,1973-74,GSW,82,100.8,0.464,15.8,0.196,0.453
393,1974-75,GSW*,82,100.4,0.465,16.3,0.184,0.456
394,1975-76,GSW*,82,100.6,0.462,15.3,0.203,0.444
395,1976-77,GSW*,82,102.4,0.475,15.6,0.211,0.47
396,1977-78,GSW,82,99.6,0.467,15,0.203,0.465
397,1978-79,GSW,82,102.4,0.487,15.3,0.183,0.481
398,1979-80,GSW,82,102,0.484,15.5,0.193,0.498
399,1980-81,GSW,82,108.5,0.493,15.6,0.251,0.507
400,1981-82,GSW,82,108.8,0.502,14.5,0.233,0.493
401,1982-83,GSW,82,103.9,0.485,15.9,0.216,0.513
402,1983-84,GSW,82,105.5,0.471,14.9,0.254,0.519
403,1984-85,GSW,82,106,0.47,14.4,0.257,0.54
404,1985-86,GSW,82,108.3,0.488,13.9,0.253,0.524
405,1986-87,GSW*,82,108.9,0.487,13.7,0.266,0.503
406,1987-88,GSW,82,104.7,0.474,14.3,0.237,0.511
407,1988-89,GSW*,82,107.4,0.48,14.2,0.239,0.479
408,1989-90,GSW,82,109.6,0.501,14.3,0.321,0.494
409,1990-91,GSW*,82,111.9,0.504,13.7,0.294,0.497
410,1991-92,GSW*,82,113.6,0.524,13.6,0.262,0.499
411,1992-93,GSW,82,109.2,0.502,14.9,0.245,0.501
412,1993-94,GSW*,82,108.3,0.512,14.9,0.214,0.488
413,1994-95,GSW,82,106.7,0.508,15.9,0.245,0.522
414,1995-96,GSW,82,108.4,0.489,14.8,0.265,0.51
415,1996-97,GSW,82,107.2,0.493,15.8,0.258,0.518
416,1997-98,GSW,82,95.8,0.427,15.1,0.197,0.469
417,1998-99,GSW,50,98.4,0.434,14.1,0.19,0.445
418,1999-00,GSW,82,99.8,0.444,13.9,0.21,0.499
419,2000-01,GSW,82,97.8,0.429,13.9,0.199,0.504
420,2001-02,GSW,82,102.8,0.452,14.7,0.242,0.488
421,2002-03,GSW,82,108.3,0.472,13.9,0.267,0.482
422,2003-04,GSW,82,103,0.475,14.1,0.226,0.476
423,2004-05,GSW,82,104.7,0.475,12.3,0.201,0.491
424,2005-06,GSW,82,104.8,0.479,13,0.232,0.492
425,2006-07,GSW*,82,107,0.512,14.1,0.215,0.506
426,2007-08,GSW,82,111.8,0.511,11.5,0.208,0.509
427,2008-09,GSW,82,109.5,0.497,12.9,0.268,0.508
428,2009-10,GSW,82,108.1,0.514,13.1,0.23,0.525
429,2010-11,GSW,82,108.2,0.51,13.3,0.183,0.509
430,2011-12,GSW,66,105.4,0.505,13.3,0.175,0.496
431,2012-13,GSW*,82,106.4,0.506,14,0.201,0.486
432,2013-14,GSW*,82,107.5,0.517,13.8,0.186,0.477
433,2014-15,GSW*,82,111.6,0.54,13.1,0.184,0.47
434,2015-16,GSW*,82,114.5,0.563,13.5,0.191,0.479
435,2016-17,GSW*,82,115.6,0.563,13.2,0.204,0.486
436,2017-18,GSW*,82,113.6,0.569,14.1,0.195,0.504
437,2018-19,GSW,26,116.5,0.563,12.9,0.208,0.512
438,1971-72,HOU,82,,0.434,,0.219,0.453
439,1972-73,HOU,82,,0.457,,0.207,0.471
440,1973-74,HOU,82,100.3,0.48,16.8,0.227,0.478
441,1974-75,HOU*,82,100.4,0.477,17.8,0.225,0.481
442,1975-76,HOU,82,101.1,0.485,16.9,0.221,0.477
443,1976-77,HOU*,82,104.5,0.483,16.2,0.226,0.465
444,1977-78,HOU,82,102.2,0.458,13.9,0.191,0.482
445,1978-79,HOU*,82,108.7,0.497,15.1,0.246,0.498
446,1979-80,HOU*,82,108.1,0.487,15.5,0.238,0.499
447,1980-81,HOU*,82,107,0.489,14.9,0.233,0.496
448,1981-82,HOU*,82,108.3,0.479,13.7,0.22,0.5
449,1982-83,HOU,82,97,0.453,15.9,0.188,0.505
450,1983-84,HOU,82,105.3,0.497,15.6,0.21,0.486
451,1984-85,HOU*,82,107.9,0.507,16,0.213,0.487
452,1985-86,HOU*,82,110.1,0.496,13.6,0.232,0.497
453,1986-87,HOU*,82,106.5,0.483,14.3,0.24,0.47
454,1987-88,HOU*,82,107.1,0.476,13.9,0.263,0.473
455,1988-89,HOU*,82,105.7,0.486,15.9,0.265,0.481
456,1989-90,HOU*,82,104.8,0.491,15.5,0.225,0.475
457,1990-91,HOU*,82,107.4,0.489,14.5,0.224,0.469
458,1991-92,HOU,82,106.2,0.499,15,0.216,0.477
459,1992-93,HOU*,82,109.6,0.515,14.5,0.235,0.474
460,1993-94,HOU*,82,105.9,0.507,15,0.218,0.458
461,1994-95,HOU*,82,109.7,0.529,15,0.232,0.489
462,1995-96,HOU*,82,109.3,0.512,14.1,0.243,0.495
463,1996-97,HOU*,82,108.8,0.52,15.6,0.232,0.481
464,1997-98,HOU*,82,107.7,0.496,14.8,0.251,0.499
465,1998-99,HOU*,50,105.4,0.506,15.8,0.228,0.461
466,1999-00,HOU,82,104.8,0.494,15.8,0.236,0.481
467,2000-01,HOU,82,106.7,0.492,14,0.244,0.475
468,2001-02,HOU,82,103.1,0.465,13.4,0.211,0.491
469,2002-03,HOU,82,104.3,0.474,14.8,0.243,0.462
470,2003-04,HOU*,82,100.9,0.484,16.4,0.221,0.447
471,2004-05,HOU*,82,106.2,0.486,13.5,0.242,0.459
472,2005-06,HOU,82,101.6,0.471,14.3,0.24,0.472
473,2006-07,HOU*,82,106,0.499,13.6,0.22,0.466
474,2007-08,HOU*,82,106.8,0.492,13,0.2,0.465
475,2008-09,HOU*,82,108.4,0.501,13.6,0.235,0.479
476,2009-10,HOU,82,107.6,0.494,13.2,0.225,0.511
477,2010-11,HOU,82,111.3,0.503,12.3,0.239,0.5
478,2011-12,HOU,66,105.5,0.492,13.5,0.184,0.49
479,2012-13,HOU*,82,109.7,0.525,14.9,0.232,0.502
480,2013-14,HOU*,82,111,0.531,14.6,0.275,0.489
481,2014-15,HOU*,82,107,0.512,15,0.223,0.486
482,2015-16,HOU*,82,108.3,0.516,14.2,0.244,0.516
483,2016-17,HOU*,82,114.7,0.545,13.3,0.233,0.519
484,2017-18,HOU*,82,114.7,0.551,12.7,0.233,0.521
485,2018-19,HOU,23,113,0.534,12.6,0.209,0.531
486,1976-77,IND,82,99.3,0.449,15.4,0.219,0.472
487,1977-78,IND,82,99.6,0.45,15.6,0.245,0.474
488,1978-79,IND,82,103,0.475,15.2,0.234,0.478
489,1979-80,IND,82,105.5,0.479,14.8,0.228,0.493
490,1980-81,IND*,82,106.4,0.484,15.1,0.251,0.492
491,1981-82,IND,82,102.7,0.472,14.6,0.225,0.494
492,1982-83,IND,82,103.8,0.483,15.2,0.187,0.52
493,1983-84,IND,82,101.8,0.487,15.9,0.228,0.497
494,1984-85,IND,82,102.5,0.478,16.1,0.255,0.499
495,1985-86,IND,82,102.6,0.483,15.7,0.226,0.479
496,1986-87,IND*,82,106,0.478,13.4,0.232,0.487
497,1987-88,IND,82,106.6,0.492,14.1,0.216,0.481
498,1988-89,IND,82,106.8,0.502,16.3,0.258,0.478
499,1989-90,IND*,82,111.5,0.518,14.6,0.28,0.494
500,1990-91,IND*,82,111.7,0.511,14.4,0.287,0.503
501,1991-92,IND*,82,111.7,0.518,14.7,0.264,0.483
502,1992-93,IND*,82,111.9,0.498,13.5,0.262,0.485
503,1993-94,IND*,82,107.8,0.5,16,0.27,0.471
504,1994-95,IND*,82,109.6,0.507,15.5,0.287,0.493
505,1995-96,IND*,82,110.8,0.509,15.5,0.294,0.491
506,1996-97,IND,82,105.8,0.49,15.5,0.27,0.48
507,1997-98,IND*,82,108.4,0.502,14,0.262,0.453
508,1998-99,IND*,50,108.7,0.486,12.8,0.253,0.46
509,1999-00,IND*,82,108.5,0.503,13.3,0.245,0.469
510,2000-01,IND*,82,102,0.471,14.5,0.239,0.452
511,2001-02,IND*,82,104.1,0.477,14.2,0.253,0.469
512,2002-03,IND*,82,104.6,0.469,13.7,0.263,0.458
513,2003-04,IND*,82,103.8,0.471,14.1,0.243,0.459
514,2004-05,IND*,82,105.5,0.476,14.1,0.283,0.472
515,2005-06,IND*,82,104.5,0.487,14.8,0.254,0.464
516,2006-07,IND,82,102.9,0.474,15.1,0.246,0.491
517,2007-08,IND,82,106,0.498,13.5,0.224,0.498
518,2008-09,IND,82,108.1,0.501,13.1,0.215,0.499
519,2009-10,IND,82,103.7,0.491,13.8,0.229,0.49
520,2010-11,IND*,82,104.8,0.486,14.1,0.235,0.487
521,2011-12,IND*,66,106.7,0.474,13.1,0.251,0.476
522,2012-13,IND*,81,104.3,0.479,14.3,0.219,0.453
523,2013-14,IND*,82,104.1,0.49,14.3,0.226,0.46
524,2014-15,IND,82,103.5,0.484,13.1,0.201,0.478
525,2015-16,IND*,82,104.6,0.497,13.5,0.205,0.489
526,2016-17,IND*,82,108.6,0.516,12.8,0.212,0.512
527,2017-18,IND*,82,109.5,0.525,12.3,0.173,0.527
528,2018-19,IND,24,108.1,0.532,13.5,0.176,0.515
529,1975-76,KCK,82,97.4,0.453,16,0.243,0.466
530,1976-77,KCK,82,100.5,0.46,15.4,0.221,0.472
531,1977-78,KCK,82,100.5,0.466,16.2,0.23,0.474
532,1978-79,KCK*,82,104.5,0.492,15.8,0.228,0.486
533,1979-80,KCK*,82,104,0.48,14.5,0.223,0.479
534,1980-81,KCK*,82,104.7,0.503,15.1,0.22,0.483
535,1981-82,KCK,82,104.2,0.497,15.5,0.213,0.504
536,1982-83,KCK,82,106.2,0.5,16.4,0.246,0.49
537,1983-84,KCK*,82,106.5,0.49,15.3,0.268,0.505
538,1984-85,KCK,82,109.5,0.508,15.9,0.278,0.514
539,1972-73,KCO,82,,0.478,,0.208,0.484
540,1973-74,KCO,82,96,0.459,17.8,0.222,0.476
541,1974-75,KCO*,82,96.8,0.449,15.8,0.248,0.461
542,1984-85,LAC,82,105.8,0.499,16.4,0.235,0.495
543,1985-86,LAC,82,105.4,0.477,15.3,0.288,0.512
544,1986-87,LAC,82,101.2,0.457,15,0.255,0.526
545,1987-88,LAC,82,97.4,0.449,15.7,0.229,0.486
546,1988-89,LAC,82,100.8,0.478,16.5,0.216,0.497
547,1989-90,LAC,82,104,0.488,16.3,0.265,0.489
548,1990-91,LAC,82,103,0.471,14.7,0.218,0.481
549,1991-92,LAC*,82,105.8,0.483,13.6,0.226,0.475
550,1992-93,LAC*,82,107.4,0.493,13.9,0.213,0.489
551,1993-94,LAC,82,102.9,0.484,15.4,0.211,0.494
552,1994-95,LAC,82,101.5,0.468,14.6,0.214,0.526
553,1995-96,LAC,82,106.5,0.511,15.3,0.21,0.512
554,1996-97,LAC*,82,105.1,0.482,14.7,0.227,0.499
555,1997-98,LAC,82,103.3,0.477,14.8,0.221,0.498
556,1998-99,LAC,50,100,0.454,14.9,0.22,0.503
557,1999-00,LAC,82,97.8,0.458,14.9,0.202,0.507
558,2000-01,LAC,82,101.3,0.476,14.9,0.221,0.466
559,2001-02,LAC,82,105.5,0.476,13.8,0.225,0.477
560,2002-03,LAC,82,102.3,0.467,14.8,0.252,0.481
561,2003-04,LAC,82,103.5,0.453,15,0.275,0.494
562,2004-05,LAC,82,105.5,0.477,14.9,0.278,0.48
563,2005-06,LAC*,82,105.3,0.487,13.8,0.263,0.471
564,2006-07,LAC,82,105.1,0.481,14.5,0.28,0.488
565,2007-08,LAC,82,101.2,0.465,13.7,0.264,0.503
566,2008-09,LAC,82,102.3,0.481,14,0.202,0.512
567,2009-10,LAC,82,103.3,0.491,14.8,0.206,0.509
568,2010-11,LAC,82,105.3,0.496,15.1,0.234,0.499
569,2011-12,LAC*,66,108.5,0.502,12.7,0.195,0.492
570,2012-13,LAC*,82,110.6,0.526,13.9,0.203,0.492
571,2013-14,LAC*,82,112.1,0.526,12.7,0.258,0.484
572,2014-15,LAC*,82,112.4,0.533,11.6,0.215,0.493
573,2015-16,LAC*,82,108.3,0.524,12.1,0.22,0.48
574,2016-17,LAC*,82,112.7,0.537,12,0.233,0.506
575,2017-18,LAC,82,110.3,0.527,13.2,0.222,0.52
576,2018-19,LAC,24,113.7,0.526,11.9,0.27,0.493
577,1968-69,LAL*,82,,0.469,,0.27,
578,1969-70,LAL*,82,,0.461,,0.25,
579,1970-71,LAL*,82,,0.476,,0.246,0.446
580,1971-72,LAL*,82,,0.49,,0.26,0.432
581,1972-73,LAL*,82,,0.478,,0.215,0.434
582,1973-74,LAL*,82,97.4,0.453,17.7,0.241,0.438
583,1974-75,LAL,82,96.1,0.45,17.3,0.217,0.454
584,1975-76,LAL,82,98.9,0.465,15.8,0.219,0.45
585,1976-77,LAL*,82,101.4,0.478,15.3,0.188,0.452
586,1977-78,LAL*,82,103.3,0.487,15.3,0.205,0.463
587,1978-79,LAL*,82,106.1,0.517,15.9,0.217,0.484
588,1979-80,LAL*,82,109.5,0.53,16.5,0.22,0.475
589,1980-81,LAL*,82,107.6,0.513,15.8,0.209,0.468
590,1981-82,LAL*,82,110.2,0.518,14.7,0.204,0.493
591,1982-83,LAL*,82,110.5,0.528,15.9,0.199,0.494
592,1983-84,LAL*,82,110.9,0.536,16.1,0.236,0.487
593,1984-85,LAL*,82,114.1,0.551,15.7,0.235,0.485
594,1985-86,LAL*,82,113.3,0.532,14.9,0.247,0.484
595,1986-87,LAL*,82,115.6,0.528,14,0.278,0.476
596,1987-88,LAL*,82,113.1,0.515,13.9,0.276,0.484
597,1988-89,LAL*,82,113.8,0.518,14,0.282,0.482
598,1989-90,LAL*,82,114,0.512,13.2,0.271,0.479
599,1990-91,LAL*,82,112.1,0.5,13.2,0.261,0.474
600,1991-92,LAL*,82,107.7,0.465,12,0.25,0.493
601,1992-93,LAL*,82,107.6,0.486,13.7,0.249,0.5
602,1993-94,LAL,82,104.8,0.466,12.8,0.193,0.492
603,1994-95,LAL*,82,109.1,0.5,13.4,0.215,0.5
604,1995-96,LAL*,82,111.4,0.515,13.3,0.228,0.491
605,1996-97,LAL*,82,108.3,0.496,13.7,0.243,0.478
606,1997-98,LAL*,82,111.9,0.519,14,0.285,0.467
607,1998-99,LAL*,50,107.6,0.498,14.1,0.261,0.468
608,1999-00,LAL*,82,107.3,0.484,12.7,0.241,0.443
609,2000-01,LAL*,82,108.4,0.498,13.3,0.238,0.468
610,2001-02,LAL*,82,109.4,0.498,11.8,0.218,0.453
611,2002-03,LAL*,82,107.2,0.486,13.3,0.228,0.477
612,2003-04,LAL*,82,105.5,0.481,12.8,0.244,0.471
613,2004-05,LAL,82,108.1,0.485,13.4,0.251,0.493
614,2005-06,LAL*,82,108.4,0.495,13.1,0.245,0.486
615,2006-07,LAL*,82,108.6,0.511,14.3,0.249,0.5
616,2007-08,LAL*,82,113,0.525,12.9,0.256,0.485
617,2008-09,LAL*,82,112.8,0.513,12.3,0.23,0.49
618,2009-10,LAL*,82,108.8,0.496,12.4,0.221,0.484
619,2010-11,LAL*,82,111,0.502,12.3,0.228,0.477
620,2011-12,LAL*,66,106,0.491,14.2,0.226,0.476
621,2012-13,LAL*,82,107.8,0.512,13.9,0.239,0.496
622,2013-14,LAL,82,104.2,0.505,13.7,0.199,0.513
623,2014-15,LAL,82,103.4,0.473,12.1,0.204,0.518
624,2015-16,LAL,82,101.6,0.46,12.5,0.228,0.523
625,2016-17,LAL,82,106,0.501,13.5,0.195,0.542
626,2017-18,LAL,82,106.5,0.517,13.8,0.188,0.514
627,2018-19,LAL,24,109.2,0.533,13.4,0.183,0.504
628,2001-02,MEM,82,98.2,0.462,15.4,0.204,0.486
629,2002-03,MEM,82,103.9,0.487,14.2,0.212,0.491
630,2003-04,MEM*,82,104.8,0.479,13.9,0.234,0.465
631,2004-05,MEM*,82,105.5,0.489,14.3,0.243,0.466
632,2005-06,MEM*,82,105.9,0.496,13.9,0.241,0.469
633,2006-07,MEM,82,106.9,0.504,15.2,0.285,0.529
634,2007-08,MEM,82,105,0.5,14,0.225,0.521
635,2008-09,MEM,82,103.5,0.486,14.8,0.249,0.515
636,2009-10,MEM,82,108.3,0.494,13.7,0.235,0.52
637,2010-11,MEM*,82,107.6,0.493,13,0.218,0.502
638,2011-12,MEM*,66,104,0.473,13.6,0.211,0.485
639,2012-13,MEM*,82,104.9,0.472,13.3,0.202,0.475
640,2013-14,MEM*,82,106.3,0.494,13.1,0.184,0.497
641,2014-15,MEM*,82,105.7,0.489,12.6,0.214,0.492
642,2015-16,MEM*,82,105.4,0.477,12.3,0.231,0.518
643,2016-17,MEM*,82,107.7,0.491,12.1,0.219,0.506
644,2017-18,MEM,82,104.5,0.5,14,0.201,0.529
645,2018-19,MEM,23,107.5,0.516,12.1,0.214,0.512
646,1988-89,MIA,82,97.8,0.459,17.7,0.208,0.499
647,1989-90,MIA,82,99.3,0.467,15.9,0.19,0.499
648,1990-91,MIA,82,102,0.469,16,0.231,0.491
649,1991-92,MIA*,82,106.7,0.479,14.6,0.26,0.508
650,1992-93,MIA,82,107.7,0.481,13.9,0.279,0.495
651,1993-94,MIA*,82,109.5,0.488,14.3,0.253,0.479
652,1994-95,MIA,82,108.2,0.499,14.4,0.233,0.51
653,1995-96,MIA*,82,105.3,0.501,16,0.245,0.469
654,1996-97,MIA*,82,106.8,0.507,15.5,0.233,0.465
655,1997-98,MIA*,82,107.6,0.494,14.5,0.243,0.452
656,1998-99,MIA*,50,104.7,0.494,15.3,0.26,0.439
657,1999-00,MIA*,82,104.5,0.495,14.5,0.208,0.453
658,2000-01,MIA*,82,101.1,0.469,13.7,0.227,0.46
659,2001-02,MIA,82,98.5,0.463,14.6,0.194,0.455
660,2002-03,MIA,82,96.7,0.439,13.8,0.198,0.47
661,2003-04,MIA*,82,102.2,0.463,13.5,0.227,0.463
662,2004-05,MIA*,82,110.2,0.524,13.1,0.26,0.46
663,2005-06,MIA*,82,108.7,0.517,13.9,0.254,0.477
664,2006-07,MIA*,82,104.3,0.506,14.3,0.222,0.485
665,2007-08,MIA,82,100.5,0.482,14.4,0.218,0.51
666,2008-09,MIA*,82,107.8,0.5,12.1,0.212,0.501
667,2009-10,MIA*,82,106.6,0.496,12.8,0.223,0.48
668,2010-11,MIA*,82,111.7,0.524,13.5,0.279,0.475
669,2011-12,MIA*,66,106.6,0.505,14.5,0.238,0.479
670,2012-13,MIA*,82,112.3,0.552,13.7,0.224,0.487
671,2013-14,MIA*,82,110.9,0.554,14.6,0.228,0.511
672,2014-15,MIA,82,103.9,0.5,14.5,0.227,0.505
673,2015-16,MIA*,82,106.1,0.508,13.3,0.21,0.485
674,2016-17,MIA,82,107.8,0.512,12.4,0.177,0.496
675,2017-18,MIA*,82,106.8,0.52,13.3,0.173,0.507
676,2018-19,MIA,23,106.9,0.499,13,0.196,0.507
677,1968-69,MIL,82,,0.428,,0.238,
678,1969-70,MIL*,82,,0.488,,0.236,
679,1970-71,MIL*,82,,0.509,,0.226,0.424
680,1971-72,MIL*,82,,0.498,,0.232,0.42
681,1972-73,MIL*,82,,0.481,,0.163,0.422
682,1973-74,MIL*,82,101.2,0.492,16.9,0.175,0.425
683,1974-75,MIL,82,98,0.468,15.9,0.184,0.444
684,1975-76,MIL*,82,97.3,0.465,16.4,0.193,0.446
685,1976-77,MIL,82,100,0.468,15.8,0.198,0.479
686,1977-78,MIL*,82,101.8,0.482,15.9,0.204,0.481
687,1978-79,MIL,82,106,0.503,15.4,0.198,0.49
688,1979-80,MIL*,82,106.8,0.491,15,0.212,0.467
689,1980-81,MIL*,82,108.7,0.5,15.7,0.241,0.461
690,1981-82,MIL*,82,107.7,0.509,16.5,0.25,0.471
691,1982-83,MIL*,82,105.8,0.491,15.1,0.243,0.459
692,1983-84,MIL*,82,107.8,0.497,15,0.25,0.459
693,1984-85,MIL*,82,110.5,0.497,14.2,0.258,0.467
694,1985-86,MIL*,82,111.4,0.501,13.9,0.282,0.473
695,1986-87,MIL*,82,109.5,0.487,13,0.268,0.479
696,1987-88,MIL*,82,108.2,0.485,13.6,0.259,0.483
697,1988-89,MIL*,82,110.1,0.487,13.7,0.273,0.493
698,1989-90,MIL*,82,107.3,0.488,13.9,0.241,0.492
699,1990-91,MIL*,82,109.7,0.499,14.3,0.258,0.5
700,1991-92,MIL,82,108.8,0.486,14.2,0.221,0.514
701,1992-93,MIL,82,106.2,0.495,14.8,0.223,0.502
702,1993-94,MIL,82,102.5,0.471,14.7,0.225,0.513
703,1994-95,MIL,82,106.2,0.496,15.5,0.244,0.53
704,1995-96,MIL,82,105.6,0.495,15,0.218,0.52
705,1996-97,MIL,82,106.2,0.496,15.1,0.248,0.501
706,1997-98,MIL,82,103.5,0.475,15.8,0.26,0.485
707,1998-99,MIL*,50,104.9,0.489,14.3,0.222,0.463
708,1999-00,MIL*,82,108.2,0.494,13.8,0.228,0.496
709,2000-01,MIL*,82,108.8,0.499,12.8,0.217,0.473
710,2001-02,MIL,82,106.9,0.507,13.6,0.201,0.477
711,2002-03,MIL*,82,108.8,0.5,12.2,0.222,0.494
712,2003-04,MIL*,82,106.5,0.477,12.7,0.255,0.485
713,2004-05,MIL,82,106.6,0.475,13,0.261,0.499
714,2005-06,MIL*,82,106.3,0.492,13.8,0.238,0.504
715,2006-07,MIL,82,107,0.504,14.1,0.209,0.522
716,2007-08,MIL,82,105.3,0.482,13.7,0.215,0.524
717,2008-09,MIL,82,106.7,0.483,13.1,0.239,0.503
718,2009-10,MIL*,82,104.9,0.482,12.3,0.181,0.486
719,2010-11,MIL,82,101.6,0.467,13,0.217,0.481
720,2011-12,MIL,66,105.5,0.481,12.9,0.194,0.489
721,2012-13,MIL*,82,103.6,0.476,12.7,0.174,0.492
722,2013-14,MIL,82,103,0.479,14.1,0.204,0.52
723,2014-15,MIL*,82,102.7,0.499,15.5,0.195,0.487
724,2015-16,MIL,82,104.3,0.499,14.2,0.207,0.51
725,2016-17,MIL*,82,109.1,0.527,13.2,0.21,0.518
726,2017-18,MIL*,82,109.8,0.531,12.9,0.22,0.528
727,2018-19,MIL,23,116,0.567,12.8,0.194,0.508
728,1989-90,MIN,82,103.6,0.451,13.3,0.232,0.492
729,1990-91,MIN,82,106.7,0.456,11.5,0.21,0.502
730,1991-92,MIN,82,105,0.467,12.4,0.188,0.497
731,1992-93,MIN,82,103.6,0.479,15.9,0.275,0.503
732,1993-94,MIN,82,101.9,0.471,16.4,0.272,0.488
733,1994-95,MIN,82,102.6,0.475,16.2,0.293,0.51
734,1995-96,MIN,82,104.1,0.48,16,0.277,0.509
735,1996-97,MIN*,82,105.5,0.485,14.4,0.254,0.486
736,1997-98,MIN*,82,107.8,0.483,12.7,0.244,0.48
737,1998-99,MIN*,50,101.9,0.439,11.7,0.196,0.467
738,1999-00,MIN*,82,106.1,0.485,12.9,0.2,0.474
739,2000-01,MIN*,82,105.2,0.482,13,0.199,0.478
740,2001-02,MIN*,82,109,0.49,12.5,0.203,0.482
741,2002-03,MIN*,82,106.1,0.488,12.9,0.206,0.472
742,2003-04,MIN*,82,105.9,0.486,12.4,0.207,0.444
743,2004-05,MIN,82,108.2,0.489,12.7,0.219,0.472
744,2005-06,MIN,82,102.4,0.48,14.2,0.226,0.475
745,2006-07,MIN,82,103.9,0.49,14.8,0.231,0.498
746,2007-08,MIN,82,103.8,0.484,13.6,0.183,0.513
747,2008-09,MIN,82,106.1,0.481,13.3,0.222,0.515
748,2009-10,MIN,82,101.7,0.478,14.6,0.207,0.525
749,2010-11,MIN,82,104.2,0.483,15.1,0.217,0.514
750,2011-12,MIN,66,104.3,0.477,14,0.236,0.491
751,2012-13,MIN,82,102.9,0.473,13.8,0.226,0.511
752,2013-14,MIN,82,108.9,0.486,12.2,0.249,0.518
753,2014-15,MIN,82,102.9,0.468,13.7,0.24,0.537
754,2015-16,MIN,82,106.5,0.498,13.9,0.263,0.524
755,2016-17,MIN,82,110.8,0.511,12.9,0.229,0.535
756,2017-18,MIN*,82,113.4,0.523,11.4,0.225,0.539
757,2018-19,MIN,25,110.6,0.506,11.7,0.207,0.518
758,1977-78,NJN,82,95,0.443,16.4,0.206,0.465
759,1978-79,NJN*,82,98,0.46,17.7,0.253,0.48
760,1979-80,NJN,82,101.5,0.466,16.6,0.251,0.472
761,1980-81,NJN,82,101,0.478,16.6,0.243,0.506
762,1981-82,NJN*,82,103,0.487,16.6,0.237,0.486
763,1982-83,NJN*,82,101.6,0.494,18.7,0.227,0.481
764,1983-84,NJN*,82,106.1,0.501,16.1,0.24,0.494
765,1984-85,NJN*,82,107.9,0.493,13.8,0.219,0.505
766,1985-86,NJN*,82,105,0.489,15.9,0.248,0.499
767,1986-87,NJN,82,105.6,0.487,16.4,0.282,0.488
768,1987-88,NJN,82,101.4,0.478,16,0.245,0.506
769,1988-89,NJN,82,103,0.474,15,0.229,0.508
770,1989-90,NJN,82,100.7,0.435,13.9,0.237,0.495
771,1990-91,NJN,82,102.9,0.455,14.4,0.222,0.478
772,1991-92,NJN*,82,107,0.473,14.1,0.194,0.488
773,1992-93,NJN*,82,106.5,0.473,14.4,0.244,0.48
774,1993-94,NJN*,82,107.2,0.461,12.7,0.267,0.475
775,1994-95,NJN,82,105.2,0.467,14.4,0.26,0.493
776,1995-96,NJN,82,101.9,0.445,15.1,0.248,0.495
777,1996-97,NJN,82,104.7,0.456,13.9,0.212,0.503
778,1997-98,NJN*,82,108.3,0.463,12.9,0.253,0.499
779,1998-99,NJN,50,99.5,0.434,13.7,0.231,0.481
780,1999-00,NJN,82,105.1,0.468,12.6,0.233,0.491
781,2000-01,NJN,82,100,0.452,13.9,0.249,0.488
782,2001-02,NJN*,82,104,0.476,13.4,0.206,0.459
783,2002-03,NJN*,82,103.8,0.468,13.8,0.252,0.46
784,2003-04,NJN*,82,100.8,0.471,14.4,0.219,0.46
785,2004-05,NJN*,82,101.4,0.463,13.7,0.242,0.479
786,2005-06,NJN*,82,103.9,0.478,13.3,0.262,0.476
787,2006-07,NJN*,82,105.7,0.504,14.2,0.245,0.49
788,2007-08,NJN,82,104,0.481,14.2,0.255,0.497
789,2008-09,NJN,82,108.3,0.497,12.7,0.236,0.509
790,2009-10,NJN,82,100.6,0.458,13.7,0.24,0.517
791,2010-11,NJN,82,103.1,0.474,13.4,0.215,0.503
792,2011-12,NJN,66,102.9,0.473,14.3,0.209,0.513
793,2002-03,NOH*,82,103.9,0.465,13.9,0.219,0.464
794,2003-04,NOH*,82,102.3,0.46,14.1,0.22,0.476
795,2004-05,NOH,82,99.7,0.446,14.2,0.214,0.491
796,2007-08,NOH*,82,111.5,0.512,11.4,0.193,0.501
797,2008-09,NOH*,82,108.7,0.501,12.5,0.232,0.496
798,2009-10,NOH,82,107.4,0.506,12.7,0.189,0.523
799,2010-11,NOH*,82,106.2,0.493,12.8,0.226,0.501
800,2011-12,NOH,66,100.9,0.476,15.2,0.207,0.485
801,2012-13,NOH,82,105.7,0.489,14,0.193,0.52
802,1974-75,NOJ,82,92.5,0.44,17.5,0.229,0.478
803,1975-76,NOJ,82,96.6,0.447,16.2,0.244,0.458
804,1976-77,NOJ,82,97,0.453,16.6,0.222,0.452
805,1977-78,NOJ,82,98.9,0.462,16.2,0.219,0.461
806,1978-79,NOJ,82,99.6,0.468,17.1,0.246,0.481
807,2014-15,NOP*,82,108.2,0.501,12.5,0.198,0.496
808,2015-16,NOP,82,105.6,0.498,12.3,0.201,0.523
809,2016-17,NOP,82,105.2,0.504,11.7,0.192,0.509
810,2017-18,NOP*,82,109.6,0.541,13.3,0.183,0.513
811,2018-19,NOP,26,114.7,0.537,12.6,0.22,0.532
812,2013-14,NOP,82,107.2,0.495,12.9,0.22,0.515
813,2005-06,NOK,82,103.7,0.464,12.9,0.257,0.502
814,2006-07,NOK,82,104.8,0.479,13.6,0.215,0.499
815,1995-96,NYK*,82,106,0.509,14.9,0.232,0.476
816,1996-97,NYK*,82,104.4,0.501,17,0.255,0.463
817,1997-98,NYK*,82,103,0.476,14.7,0.218,0.455
818,1998-99,NYK*,50,98.6,0.463,15.9,0.241,0.434
819,1999-00,NYK*,82,102.5,0.482,14.4,0.221,0.455
820,1968-69,NYK*,82,,0.459,,0.245,
821,2000-01,NYK*,82,101.2,0.476,14.6,0.222,0.453
822,1969-70,NYK*,82,,0.477,,0.228,
823,2001-02,NYK,82,101.5,0.468,14,0.216,0.479
824,1970-71,NYK*,82,,0.45,,0.218,0.431
825,2002-03,NYK,82,104.7,0.486,13.4,0.196,0.485
826,1971-72,NYK*,82,,0.459,,0.227,0.443
827,2003-04,NYK*,82,101.7,0.474,15.1,0.211,0.461
828,1972-73,NYK*,82,,0.467,,0.175,0.435
829,2004-05,NYK,82,106.2,0.485,13.8,0.239,0.501
830,1973-74,NYK*,82,97.4,0.465,15.1,0.18,0.446
831,2005-06,NYK,82,104,0.481,16.5,0.303,0.511
832,1974-75,NYK*,82,97.1,0.45,14.2,0.203,0.457
833,2006-07,NYK,82,105.7,0.494,15.9,0.27,0.504
834,1975-76,NYK,82,98,0.456,14.3,0.203,0.459
835,2007-08,NYK,82,104.7,0.475,13.4,0.226,0.518
836,2008-09,NYK,82,108.1,0.503,12.9,0.21,0.52
837,1976-77,NYK,82,100.1,0.486,16.6,0.211,0.47
838,2009-10,NYK,82,107.6,0.509,13,0.2,0.526
839,1977-78,NYK*,82,101.7,0.488,16.7,0.214,0.472
840,2010-11,NYK*,82,110.9,0.513,12.6,0.246,0.511
841,1978-79,NYK,82,102.2,0.487,15.9,0.196,0.483
842,2011-12,NYK*,66,104.4,0.492,14.9,0.227,0.485
843,1979-80,NYK,82,106.5,0.498,15.7,0.221,0.498
844,2012-13,NYK*,82,111.1,0.515,11.7,0.196,0.508
845,1980-81,NYK*,82,106,0.487,15,0.246,0.504
846,2013-14,NYK,82,108.3,0.505,12.5,0.189,0.514
847,1981-82,NYK,82,106,0.495,15.4,0.223,0.508
848,2014-15,NYK,82,99.9,0.47,14,0.18,0.512
849,1982-83,NYK*,82,102.4,0.484,16.2,0.239,0.478
850,2015-16,NYK,82,104.6,0.483,12.6,0.205,0.487
851,1983-84,NYK*,82,107,0.499,16.7,0.284,0.491
852,2016-17,NYK,82,107.7,0.496,12.4,0.188,0.511
853,1984-85,NYK,82,104.9,0.487,15.2,0.24,0.499
854,2017-18,NYK,82,107.1,0.51,13.3,0.17,0.522
855,1985-86,NYK,82,99.5,0.466,15.2,0.218,0.484
856,2018-19,NYK,25,108.1,0.493,12.2,0.212,0.54
857,1986-87,NYK,82,104.8,0.483,15,0.246,0.497
858,1987-88,NYK*,82,105.9,0.477,15.5,0.242,0.486
859,1988-89,NYK*,82,111.1,0.512,15.4,0.234,0.504
860,1989-90,NYK*,82,109.4,0.501,14.8,0.25,0.482
861,1990-91,NYK*,82,107.1,0.498,15.1,0.242,0.489
862,1991-92,NYK*,82,108.3,0.491,13.7,0.216,0.471
863,1992-93,NYK*,82,106.1,0.479,14.1,0.249,0.444
864,1993-94,NYK*,82,105.7,0.483,15.1,0.232,0.451
865,1994-95,NYK*,82,107.2,0.508,15.1,0.243,0.468
866,1976-77,NYN,82,92.2,0.429,16.5,0.232,0.464
867,2008-09,OKC,82,102.9,0.471,14.8,0.242,0.514
868,2009-10,OKC*,82,108.3,0.494,13.9,0.268,0.483
869,2010-11,OKC*,82,111.2,0.501,13.1,0.299,0.493
870,2011-12,OKC*,66,109.8,0.516,15.3,0.269,0.465
871,2012-13,OKC*,82,112.4,0.527,14.4,0.28,0.469
872,2013-14,OKC*,82,110.5,0.52,14,0.244,0.488
873,2014-15,OKC,82,107.8,0.492,13.1,0.214,0.489
874,2015-16,OKC*,82,113.1,0.524,14,0.228,0.484
875,2016-17,OKC*,82,108.3,0.5,13.2,0.22,0.511
876,2017-18,OKC*,82,110.7,0.514,12.4,0.197,0.525
877,2018-19,OKC,23,109.1,0.505,12,0.185,0.496
878,2010-11,ORL*,82,107.9,0.521,14.3,0.227,0.475
879,2011-12,ORL*,66,105,0.506,14.5,0.193,0.488
880,2012-13,ORL,82,101.6,0.485,13.7,0.149,0.508
881,2013-14,ORL,82,101.7,0.487,13.9,0.193,0.504
882,2014-15,ORL,82,101.6,0.494,14,0.168,0.514
883,2015-16,ORL,82,105.1,0.5,12.8,0.175,0.513
884,2016-17,ORL,82,103.7,0.489,12.1,0.184,0.523
885,2017-18,ORL,82,105.2,0.512,13.3,0.18,0.525
886,2018-19,ORL,25,108.1,0.519,11.6,0.156,0.526
887,1989-90,ORL,82,105.8,0.467,13.9,0.274,0.511
888,1990-91,ORL,82,105.9,0.473,14.3,0.251,0.493
889,1991-92,ORL,82,103.5,0.467,14.6,0.238,0.502
890,1992-93,ORL,82,108.5,0.509,15.5,0.271,0.473
891,1993-94,ORL*,82,110.8,0.514,14.4,0.231,0.479
892,1994-95,ORL*,82,115.1,0.539,14,0.239,0.49
893,1995-96,ORL*,82,112.9,0.529,13.2,0.232,0.491
894,1996-97,ORL*,82,105.6,0.481,14.5,0.227,0.495
895,1997-98,ORL,82,102.6,0.452,14.5,0.24,0.478
896,1998-99,ORL*,50,100.3,0.456,15.4,0.222,0.473
897,1999-00,ORL,82,102.4,0.473,15.4,0.224,0.476
898,2000-01,ORL*,82,103.2,0.474,13.8,0.215,0.464
899,2001-02,ORL*,82,107,0.493,12.6,0.21,0.486
900,2002-03,ORL*,82,105.2,0.478,13.3,0.239,0.486
901,1971-72,PHI,82,,0.444,,0.254,0.459
902,2003-04,PHI,82,99.1,0.456,15.5,0.242,0.467
903,1972-73,PHI,82,,0.42,,0.193,0.473
904,2004-05,PHI*,82,103.5,0.475,14.2,0.257,0.485
905,1973-74,PHI,82,93.1,0.432,16.2,0.212,0.468
906,2005-06,PHI,82,106,0.487,13.3,0.27,0.5
907,1974-75,PHI,82,95.8,0.445,16,0.205,0.461
908,2006-07,PHI,82,103.6,0.48,14.6,0.255,0.501
909,1975-76,PHI*,82,98.2,0.447,16.4,0.234,0.448
910,2007-08,PHI*,82,106.4,0.482,13.4,0.227,0.504
911,1976-77,PHI*,82,101.2,0.48,18.3,0.275,0.451
912,2008-09,PHI*,82,107.9,0.485,13.4,0.253,0.507
913,1977-78,PHI*,82,105,0.486,16.7,0.288,0.461
914,2009-10,PHI,82,106.1,0.496,13.7,0.204,0.518
915,1978-79,PHI*,82,102,0.488,17.4,0.247,0.464
916,2010-11,PHI*,82,106.6,0.494,12.3,0.21,0.487
917,1979-80,PHI*,82,105,0.494,17.2,0.262,0.46
918,2011-12,PHI*,66,103.9,0.48,10.9,0.161,0.46
919,1980-81,PHI*,82,107,0.515,17.3,0.264,0.454
920,2012-13,PHI,82,102,0.481,12.5,0.146,0.495
921,1981-82,PHI*,82,109.6,0.521,15.5,0.265,0.48
922,2013-14,PHI,82,99.4,0.475,14.8,0.19,0.524
923,1982-83,PHI*,82,108.3,0.501,16.3,0.273,0.464
924,2014-15,PHI,82,95.5,0.459,16,0.195,0.497
925,1983-84,PHI*,82,106.8,0.497,16.9,0.299,0.484
926,2015-16,PHI,82,98.8,0.487,14.8,0.186,0.51
927,1984-85,PHI*,82,111.3,0.497,16,0.331,0.494
928,2016-17,PHI,82,103.2,0.501,14.9,0.199,0.512
929,1985-86,PHI*,82,108.6,0.49,16.1,0.302,0.499
930,2017-18,PHI*,82,109.5,0.535,14.6,0.198,0.492
931,1986-87,PHI*,82,108.3,0.497,16.1,0.29,0.499
932,2018-19,PHI,26,109.9,0.525,13.6,0.254,0.497
933,1987-88,PHI,82,108.8,0.485,15.2,0.308,0.506
934,1988-89,PHI*,82,113,0.5,12.8,0.274,0.513
935,1989-90,PHI*,82,113.5,0.502,12.9,0.281,0.495
936,1990-91,PHI*,82,107.9,0.489,13.4,0.27,0.489
937,1991-92,PHI,82,108.3,0.488,13.8,0.26,0.496
938,1992-93,PHI,82,104.6,0.479,14.4,0.251,0.504
939,1993-94,PHI,82,101.7,0.478,15,0.221,0.502
940,1994-95,PHI,82,104.1,0.475,15.3,0.238,0.5
941,1995-96,PHI,82,102.2,0.474,16,0.259,0.522
942,1996-97,PHI,82,104.6,0.47,15.3,0.259,0.51
943,1997-98,PHI,82,102.8,0.462,15.4,0.271,0.481
944,1998-99,PHI*,50,99.9,0.439,15.3,0.276,0.454
945,1999-00,PHI*,82,101.5,0.457,14.2,0.233,0.466
946,2000-01,PHI*,82,103.6,0.468,14.7,0.262,0.46
947,2001-02,PHI*,82,102.1,0.452,14.6,0.255,0.46
948,1969-70,PHI*,82,,0.469,,0.26,
949,2016-17,PHO,82,106.6,0.493,13.4,0.231,0.525
950,1984-85,PHO*,82,104.7,0.497,16.3,0.246,0.498
951,2017-18,PHO,82,103.5,0.495,13.9,0.203,0.533
952,1985-86,PHO,82,104.3,0.506,17.7,0.279,0.495
953,2018-19,PHO,24,103.2,0.517,14.7,0.175,0.541
954,1986-87,PHO,82,108,0.501,15.3,0.264,0.502
955,1987-88,PHO,82,107,0.494,14.6,0.23,0.507
956,1988-89,PHO*,82,113.1,0.509,12.8,0.272,0.476
957,1989-90,PHO*,82,113.1,0.509,13.3,0.302,0.478
958,1990-91,PHO*,82,112.6,0.506,13.5,0.287,0.474
959,1991-92,PHO*,82,112.1,0.508,13.1,0.258,0.471
960,1992-93,PHO*,82,113.3,0.521,14.2,0.27,0.496
961,1993-94,PHO*,82,111.7,0.509,13.9,0.236,0.493
962,1994-95,PHO*,82,114.5,0.524,12.7,0.255,0.515
963,1995-96,PHO*,82,110.3,0.498,13.5,0.286,0.511
964,1996-97,PHO*,82,109.3,0.508,13.4,0.241,0.507
965,1997-98,PHO*,82,107.4,0.5,14,0.217,0.471
966,1998-99,PHO*,50,105.8,0.481,13,0.231,0.485
967,1999-00,PHO*,82,104.6,0.491,15.2,0.217,0.454
968,2000-01,PHO*,82,100.3,0.46,14.1,0.221,0.46
969,1969-70,PHO*,82,,0.468,,0.31,
970,2001-02,PHO,82,103.3,0.472,13.6,0.18,0.476
971,1970-71,PHO,82,,0.437,,0.29,0.448
972,2002-03,PHO*,82,103.7,0.473,13.7,0.211,0.47
973,1971-72,PHO,82,,0.457,,0.297,0.452
974,2003-04,PHO,82,101.4,0.475,14.3,0.209,0.482
975,1972-73,PHO,82,,0.455,,0.243,0.469
976,2004-05,PHO*,82,114.5,0.534,12.4,0.222,0.478
977,1973-74,PHO,82,98.1,0.46,16.1,0.225,0.467
978,2005-06,PHO*,82,111.5,0.537,12.2,0.166,0.49
979,2006-07,PHO*,82,113.9,0.551,13.4,0.215,0.492
980,1974-75,PHO,82,96.4,0.447,17.2,0.203,0.458
981,2007-08,PHO*,82,113.3,0.551,13.4,0.228,0.488
982,1975-76,PHO*,82,98.5,0.472,18.3,0.245,0.468
983,2008-09,PHO,82,113.6,0.545,14.4,0.25,0.511
984,1976-77,PHO,82,98.1,0.47,18.1,0.247,0.462
985,2009-10,PHO*,82,115.3,0.546,13.6,0.24,0.491
986,1977-78,PHO*,82,100.3,0.476,16.6,0.223,0.469
987,2010-11,PHO,82,109.5,0.522,13.2,0.215,0.513
988,1978-79,PHO*,82,105.7,0.512,17.1,0.235,0.495
989,2011-12,PHO,66,106.2,0.499,13.3,0.194,0.491
990,1979-80,PHO*,82,105.6,0.498,16.4,0.263,0.483
991,2012-13,PHO,82,101.2,0.477,14.3,0.174,0.512
992,1980-81,PHO*,82,104.6,0.492,17.1,0.247,0.471
993,2013-14,PHO,82,109.5,0.519,14,0.222,0.496
994,1981-82,PHO*,82,105.8,0.495,15.9,0.229,0.47
995,2014-15,PHO,82,105.3,0.501,13.7,0.191,0.497
996,1982-83,PHO*,82,105.1,0.499,16,0.227,0.458
997,2015-16,PHO,82,102.2,0.487,15.2,0.204,0.523
998,1983-84,PHO*,82,108.9,0.514,15.1,0.232,0.501
999,1999-00,POR*,82,107.9,0.501,14.5,0.24,0.461
1000,2000-01,POR*,82,106.5,0.497,14.8,0.225,0.47
1001,2001-02,POR*,82,107.4,0.485,13.5,0.218,0.489
1002,1970-71,POR,82,,0.435,,0.237,0.468
1003,2002-03,POR*,82,105.5,0.489,14.5,0.223,0.483
1004,1971-72,POR,82,,0.442,,0.234,0.486
1005,2003-04,POR,82,103.7,0.478,14.4,0.195,0.482
1006,1972-73,POR,82,,0.458,,0.195,0.477
1007,2004-05,POR,82,103.2,0.484,15.2,0.219,0.479
1008,1973-74,POR,82,98.2,0.467,17.5,0.207,0.484
1009,2005-06,POR,82,101.1,0.474,14.5,0.214,0.507
1010,1974-75,POR,82,98.1,0.48,18.4,0.236,0.45
1011,2006-07,POR,82,105.1,0.483,14.5,0.241,0.508
1012,1975-76,POR,82,96.4,0.469,18.3,0.233,0.452
1013,2007-08,POR,82,107.3,0.489,12.6,0.216,0.491
1014,1976-77,POR*,82,103.2,0.481,16.9,0.254,0.46
1015,2008-09,POR*,82,113.9,0.511,12.5,0.234,0.499
1016,1977-78,POR*,82,103.1,0.483,16.3,0.233,0.449
1017,2009-10,POR*,82,110.8,0.499,12.1,0.249,0.502
1018,1978-79,POR*,82,104.3,0.483,16.5,0.246,0.488
1019,2010-11,POR*,82,108.8,0.486,12.6,0.224,0.51
1020,1979-80,POR*,82,103.4,0.477,16.1,0.218,0.482
1021,2011-12,POR,66,105.7,0.488,13.4,0.209,0.504
1022,1980-81,POR*,82,106.5,0.498,15.2,0.209,0.49
1023,2012-13,POR,82,105.8,0.498,13.9,0.194,0.512
1024,1981-82,POR,82,108.8,0.507,14.4,0.239,0.502
1025,2013-14,POR*,82,111.5,0.504,12.4,0.22,0.488
1026,1982-83,POR*,82,106,0.488,15.4,0.26,0.49
1027,2014-15,POR*,82,108.2,0.508,12.6,0.18,0.476
1028,1983-84,POR*,82,111.2,0.507,15.1,0.277,0.518
1029,2015-16,POR*,82,108.8,0.511,13.2,0.202,0.503
1030,1984-85,POR*,82,110.4,0.506,14.8,0.271,0.497
1031,2016-17,POR*,82,110.3,0.52,12.5,0.214,0.508
1032,1985-86,POR*,82,109.2,0.501,15.2,0.294,0.507
1033,2017-18,POR*,82,109.1,0.511,12.3,0.192,0.503
1034,1986-87,POR*,82,111.5,0.51,15.3,0.313,0.493
1035,2018-19,POR,24,112.4,0.519,12.5,0.211,0.52
1036,1987-88,POR*,82,111.8,0.499,13.5,0.279,0.485
1037,1988-89,POR*,82,109.4,0.488,13.9,0.23,0.501
1038,1989-90,POR*,82,110.5,0.486,13.4,0.269,0.479
1039,1990-91,POR*,82,112.8,0.509,13.4,0.259,0.473
1040,1991-92,POR*,82,111.4,0.495,13.6,0.253,0.471
1041,1992-93,POR*,82,108.3,0.476,12.6,0.259,0.488
1042,1993-94,POR*,82,108.1,0.472,12.5,0.24,0.49
1043,1994-95,POR*,82,109.7,0.483,13,0.218,0.491
1044,1995-96,POR*,82,106,0.494,15.2,0.23,0.478
1045,1996-97,POR*,82,107.9,0.503,15.4,0.249,0.471
1046,1997-98,POR*,82,104,0.476,15.8,0.256,0.46
1047,1998-99,POR*,50,104.8,0.473,14.5,0.253,0.445
1048,2013-14,SAC,82,105.7,0.484,13.9,0.251,0.512
1049,2014-15,SAC,82,105.3,0.49,14.8,0.276,0.507
1050,2015-16,SAC,82,106,0.51,14.2,0.214,0.521
1051,2016-17,SAC,82,107.3,0.516,13.7,0.22,0.528
1052,2017-18,SAC,82,103.7,0.502,12.8,0.143,0.542
1053,1985-86,SAC*,82,106.2,0.492,15.7,0.252,0.499
1054,2018-19,SAC,23,109.6,0.536,12.4,0.18,0.536
1055,1986-87,SAC,82,108.9,0.48,14.2,0.266,0.498
1056,1987-88,SAC,82,106.5,0.481,14.8,0.245,0.506
1057,1988-89,SAC,82,104.5,0.478,14.2,0.22,0.496
1058,1989-90,SAC,82,104.8,0.484,13.5,0.215,0.484
1059,1990-91,SAC,82,102,0.468,14.1,0.226,0.481
1060,1991-92,SAC,82,103.9,0.482,14.3,0.225,0.493
1061,1992-93,SAC,82,106.5,0.481,14.1,0.257,0.502
1062,1993-94,SAC,82,103.3,0.471,14.2,0.239,0.499
1063,1994-95,SAC,82,105.5,0.496,16.2,0.255,0.481
1064,1995-96,SAC*,82,106.2,0.493,16,0.271,0.498
1065,1996-97,SAC,82,105,0.485,15,0.226,0.495
1066,1997-98,SAC,82,100.8,0.464,14.3,0.215,0.482
1067,1998-99,SAC*,50,102.7,0.479,14.7,0.205,0.471
1068,1999-00,SAC*,82,105,0.486,13.9,0.209,0.479
1069,2000-01,SAC*,82,105.6,0.484,13.4,0.23,0.46
1070,2001-02,SAC*,82,109,0.497,12.4,0.231,0.467
1071,2002-03,SAC*,82,105.9,0.499,13.3,0.196,0.446
1072,2003-04,SAC*,82,110.3,0.507,13,0.242,0.483
1073,2004-05,SAC*,82,110.5,0.496,12,0.226,0.493
1074,2005-06,SAC*,82,106.7,0.492,13.9,0.262,0.488
1075,2006-07,SAC,82,106.2,0.491,13.5,0.289,0.513
1076,2007-08,SAC,82,107.5,0.503,14.8,0.276,0.51
1077,2008-09,SAC,82,105.5,0.491,14.3,0.252,0.526
1078,2009-10,SAC,82,105.3,0.491,13.6,0.207,0.505
1079,2010-11,SAC,82,103.5,0.48,14.4,0.208,0.513
1080,2011-12,SAC,66,103.8,0.472,13,0.197,0.515
1081,2012-13,SAC,82,106.2,0.491,13.4,0.208,0.517
1082,2002-03,SAS*,82,105.6,0.497,15.1,0.253,0.453
1083,2003-04,SAS*,82,102.2,0.473,14.1,0.219,0.433
1084,2004-05,SAS*,82,107.5,0.492,13.2,0.238,0.452
1085,2005-06,SAS*,82,107.3,0.513,13.6,0.209,0.457
1086,2006-07,SAS*,82,109.2,0.521,13.6,0.235,0.471
1087,2007-08,SAS*,82,107.2,0.504,12.6,0.21,0.477
1088,1976-77,SAS*,82,102.5,0.485,16.8,0.263,0.487
1089,2008-09,SAS*,82,108.5,0.513,11.7,0.191,0.487
1090,1977-78,SAS*,82,104.5,0.5,16.3,0.237,0.472
1091,2009-10,SAS*,82,110,0.515,12.9,0.219,0.483
1092,1978-79,SAS*,82,107.1,0.506,15.8,0.248,0.477
1093,2010-11,SAS*,82,111.8,0.527,12.8,0.229,0.491
1094,1979-80,SAS*,82,108.6,0.502,15.2,0.262,0.506
1095,2011-12,SAS*,66,110.9,0.528,12.8,0.195,0.489
1096,1980-81,SAS*,82,108.5,0.492,15.4,0.282,0.475
1097,2012-13,SAS*,82,108.3,0.531,14,0.204,0.48
1098,1981-82,SAS*,82,109.9,0.49,13,0.238,0.487
1099,2013-14,SAS*,82,110.5,0.537,13.5,0.188,0.482
1100,1982-83,SAS*,82,110.1,0.51,15.1,0.257,0.489
1101,2014-15,SAS*,82,108.5,0.517,13.1,0.2,0.484
1102,1983-84,SAS,82,111.2,0.511,14,0.255,0.508
1103,2015-16,SAS*,82,110.3,0.526,12.4,0.197,0.477
1104,1984-85,SAS*,82,109.9,0.517,15.6,0.272,0.501
1105,2016-17,SAS*,82,111.1,0.524,12.6,0.21,0.492
1106,1985-86,SAS*,82,106.5,0.509,16.5,0.265,0.499
1107,2017-18,SAS*,82,107.9,0.507,12.2,0.189,0.507
1108,1986-87,SAS,82,105.9,0.482,14.2,0.228,0.514
1109,2018-19,SAS,25,110.4,0.509,11,0.2,0.551
1110,1987-88,SAS*,82,108.2,0.499,14.1,0.234,0.512
1111,1988-89,SAS,82,100.9,0.472,16.8,0.223,0.5
1112,1989-90,SAS*,82,107.7,0.488,14.7,0.27,0.477
1113,1990-91,SAS*,82,107.8,0.494,15.2,0.269,0.463
1114,1991-92,SAS*,82,107.5,0.485,13.9,0.233,0.469
1115,1992-93,SAS*,82,109.6,0.507,13.6,0.265,0.477
1116,1993-94,SAS*,82,110.4,0.494,13.6,0.239,0.467
1117,1994-95,SAS*,82,111.7,0.516,13.8,0.275,0.485
1118,1995-96,SAS*,82,110.2,0.516,13.6,0.252,0.472
1119,1996-97,SAS,82,103.3,0.472,14.7,0.217,0.514
1120,1997-98,SAS*,82,103.8,0.493,15.6,0.241,0.437
1121,1998-99,SAS*,50,104,0.479,14.6,0.259,0.423
1122,1999-00,SAS*,82,105,0.488,14.3,0.258,0.451
1123,2000-01,SAS*,82,106.6,0.496,13.6,0.267,0.444
1124,2001-02,SAS*,82,106.5,0.492,13.8,0.262,0.453
1125,1979-80,SDC,82,105.7,0.482,14.6,0.213,0.503
1126,1980-81,SDC,82,106,0.486,14.5,0.227,0.507
1127,1981-82,SDC,82,106.6,0.507,16.2,0.238,0.529
1128,1982-83,SDC,82,104.7,0.479,15.7,0.208,0.531
1129,1983-84,SDC,82,109.2,0.498,15.3,0.244,0.513
1130,1978-79,SDC,82,106.2,0.483,15.6,0.238,0.491
1131,1969-70,SDR,82,,0.436,,0.226,
1132,1970-71,SDR,82,,0.421,,0.26,0.449
1133,1969-70,SFW,82,,0.432,,0.244,
1134,1970-71,SFW*,82,,0.448,,0.243,0.428
1135,1986-87,SEA*,82,110.7,0.495,15,0.261,0.486
1136,1987-88,SEA*,82,110.2,0.491,13.9,0.245,0.495
1137,1988-89,SEA*,82,111.5,0.496,14.1,0.237,0.498
1138,1989-90,SEA,82,110.9,0.494,14,0.222,0.499
1139,1990-91,SEA*,82,109.7,0.501,14.8,0.226,0.503
1140,1991-92,SEA*,82,110.7,0.489,14,0.249,0.491
1141,1992-93,SEA*,82,112.3,0.502,13.5,0.241,0.489
1142,1993-94,SEA*,82,111.1,0.501,13.7,0.256,0.479
1143,1994-95,SEA*,82,114.8,0.527,14.1,0.288,0.492
1144,1995-96,SEA*,82,110.3,0.526,16.2,0.288,0.479
1145,1996-97,SEA*,82,111.2,0.51,14.2,0.269,0.49
1146,1997-98,SEA*,82,111.6,0.521,13.4,0.236,0.478
1147,1998-99,SEA,50,105,0.481,14.3,0.232,0.489
1148,1999-00,SEA*,82,105.6,0.487,12.9,0.196,0.483
1149,2000-01,SEA,82,105.6,0.491,14.3,0.219,0.488
1150,1969-70,SEA,82,,0.462,,0.27,
1151,2001-02,SEA*,82,108.9,0.505,13.2,0.189,0.485
1152,1970-71,SEA,82,,0.456,,0.262,0.469
1153,2002-03,SEA,82,103.7,0.472,12.8,0.201,0.484
1154,1971-72,SEA,82,,0.464,,0.273,0.451
1155,2003-04,SEA,82,107.3,0.501,13.9,0.207,0.487
1156,1972-73,SEA,82,,0.449,,0.209,0.454
1157,2004-05,SEA*,82,112.2,0.495,13,0.259,0.496
1158,1973-74,SEA,82,96.8,0.445,15.3,0.199,0.463
1159,2005-06,SEA,82,111.1,0.504,13.7,0.246,0.527
1160,1974-75,SEA*,82,96.7,0.456,15.9,0.193,0.459
1161,2006-07,SEA,82,107.2,0.499,14.5,0.228,0.515
1162,1975-76,SEA*,82,98.3,0.458,15.6,0.212,0.467
1163,2007-08,SEA,82,100.5,0.467,14.3,0.204,0.503
1164,1976-77,SEA,82,96.7,0.45,16.8,0.215,0.462
1165,1977-78,SEA*,82,99.2,0.447,15.8,0.217,0.459
1166,1978-79,SEA*,82,102.7,0.468,15.7,0.231,0.463
1167,1979-80,SEA*,82,105.8,0.474,14.9,0.229,0.463
1168,1980-81,SEA,82,103.2,0.47,15.7,0.254,0.468
1169,1981-82,SEA*,82,106.4,0.491,14.1,0.243,0.464
1170,1982-83,SEA*,82,105.9,0.496,15.5,0.247,0.464
1171,1983-84,SEA*,82,107.9,0.49,14.3,0.271,0.492
1172,1984-85,SEA,82,102.8,0.477,15.9,0.257,0.498
1173,1985-86,SEA,82,105.9,0.478,15.1,0.257,0.492
1174,2010-11,TOR,82,106.1,0.491,13.7,0.221,0.522
1175,2011-12,TOR,66,100.8,0.475,14.8,0.211,0.475
1176,2012-13,TOR,82,105.9,0.488,13,0.216,0.5
1177,2013-14,TOR*,82,108.8,0.498,13.2,0.239,0.493
1178,2014-15,TOR*,82,111,0.508,12,0.232,0.506
1179,2015-16,TOR*,82,110,0.504,12.3,0.255,0.498
1180,2016-17,TOR*,82,112.3,0.517,11.8,0.233,0.507
1181,2017-18,TOR*,82,113.8,0.539,12.1,0.198,0.501
1182,2018-19,TOR,26,115.3,0.554,12.5,0.192,0.499
1183,1995-96,TOR,82,103.8,0.499,17.2,0.214,0.514
1184,1996-97,TOR,82,104.6,0.481,15.2,0.218,0.504
1185,1997-98,TOR,82,101.2,0.462,15.1,0.217,0.508
1186,1998-99,TOR,50,102,0.45,15,0.257,0.473
1187,1999-00,TOR*,82,104.7,0.464,12.7,0.23,0.48
1188,2000-01,TOR*,82,105.9,0.468,12.1,0.213,0.476
1189,2001-02,TOR*,82,102.6,0.463,13.6,0.189,0.471
1190,2002-03,TOR,82,100.5,0.458,13.6,0.203,0.489
1191,2003-04,TOR,82,97,0.454,14.1,0.195,0.449
1192,2004-05,TOR,82,106.9,0.492,12.5,0.244,0.499
1193,2005-06,TOR,82,109.5,0.5,12.4,0.249,0.53
1194,2006-07,TOR*,82,107,0.504,13,0.239,0.503
1195,2007-08,TOR*,82,110.2,0.511,11.4,0.2,0.505
1196,2008-09,TOR,82,107,0.494,12.8,0.23,0.511
1197,2009-10,TOR,82,111.3,0.521,12.7,0.244,0.513
1198,1997-98,UTA*,82,112.7,0.51,14.8,0.334,0.471
1199,1998-99,UTA*,50,105.8,0.485,16,0.32,0.441
1200,1999-00,UTA*,82,107.3,0.49,14.3,0.26,0.477
1201,2000-01,UTA*,82,107.6,0.497,15.1,0.273,0.473
1202,2001-02,UTA*,82,105.6,0.472,15.4,0.291,0.484
1203,2002-03,UTA*,82,105.5,0.486,16,0.283,0.468
1204,2003-04,UTA,82,101.9,0.456,16.1,0.266,0.468
1205,2004-05,UTA,82,104.7,0.469,15,0.273,0.499
1206,2005-06,UTA,82,104.1,0.467,15,0.286,0.49
1207,2006-07,UTA*,82,110.1,0.502,14.5,0.283,0.496
1208,2007-08,UTA*,82,113.8,0.528,13.6,0.265,0.501
1209,2008-09,UTA*,82,110.1,0.504,13.6,0.274,0.505
1210,2009-10,UTA*,82,110.7,0.524,14.2,0.252,0.492
1211,2010-11,UTA,82,108.1,0.498,13.5,0.241,0.505
1212,1979-80,UTA,82,104.2,0.5,16.7,0.23,0.5
1213,2011-12,UTA*,66,106.8,0.481,13,0.227,0.493
1214,1980-81,UTA,82,103.4,0.491,15.5,0.234,0.492
1215,2012-13,UTA,82,106.7,0.492,13.8,0.214,0.501
1216,1981-82,UTA,82,106.2,0.496,14.5,0.23,0.513
1217,2013-14,UTA,82,103.5,0.484,13.9,0.202,0.518
1218,1982-83,UTA,82,101.2,0.483,16.7,0.251,0.481
1219,2014-15,UTA,82,105.1,0.494,14.6,0.214,0.491
1220,1983-84,UTA*,82,109,0.505,15.2,0.292,0.479
1221,2015-16,UTA,82,105.9,0.501,14.2,0.213,0.495
1222,1984-85,UTA*,82,103.3,0.483,15.8,0.257,0.469
1223,2016-17,UTA*,82,109.6,0.526,13.2,0.215,0.493
1224,1985-86,UTA*,82,104.2,0.49,15.5,0.272,0.477
1225,2017-18,UTA*,82,108.4,0.527,13.7,0.202,0.506
1226,1986-87,UTA*,82,104.1,0.473,14.1,0.231,0.466
1227,2018-19,UTA,25,107.7,0.528,13.9,0.225,0.532
1228,1987-88,UTA*,82,106.8,0.5,15.4,0.254,0.459
1229,1988-89,UTA*,82,106.6,0.491,16.4,0.32,0.447
1230,1989-90,UTA*,82,110.3,0.522,15.5,0.284,0.468
1231,1990-91,UTA*,82,108.6,0.503,14.6,0.298,0.473
1232,1991-92,UTA*,82,112.2,0.504,13.7,0.286,0.475
1233,1992-93,UTA*,82,109.6,0.498,13.8,0.279,0.487
1234,1993-94,UTA*,82,108.6,0.49,13.3,0.262,0.469
1235,1994-95,UTA*,82,114.3,0.535,14.8,0.306,0.496
1236,1995-96,UTA*,82,113.3,0.517,14.1,0.276,0.489
1237,1996-97,UTA*,82,113.6,0.53,14.7,0.299,0.48
1238,1995-96,VAN,82,97.6,0.456,15.5,0.223,0.51
1239,1996-97,VAN,82,100.3,0.471,15.3,0.191,0.51
1240,1997-98,VAN,82,104.1,0.482,15.8,0.242,0.507
1241,1998-99,VAN,50,98.4,0.447,16,0.263,0.492
1242,1999-00,VAN,82,102.3,0.474,15.8,0.247,0.502
1243,2000-01,VAN,82,99.6,0.464,14.9,0.223,0.491
1244,1979-80,WSB*,82,103.2,0.463,13.7,0.199,0.469
1245,1980-81,WSB,82,102.7,0.476,14.4,0.199,0.472
1246,1981-82,WSB*,82,103.3,0.478,14.7,0.227,0.468
1247,1982-83,WSB,82,99.1,0.473,16.6,0.206,0.471
1248,1983-84,WSB*,82,104.2,0.489,15.5,0.241,0.492
1249,1984-85,WSB*,82,104.3,0.486,13.4,0.2,0.491
1250,1985-86,WSB*,82,103,0.471,14.2,0.238,0.472
1251,1986-87,WSB*,82,105.7,0.457,13.3,0.262,0.48
1252,1987-88,WSB*,82,106.5,0.47,14.4,0.267,0.487
1253,1988-89,WSB,82,106.4,0.467,13,0.236,0.493
1254,1989-90,WSB,82,107.5,0.477,12.4,0.211,0.484
1255,1990-91,WSB,82,103,0.47,14.3,0.203,0.478
1256,1991-92,WSB,82,103.9,0.471,13.3,0.208,0.493
1257,1992-93,WSB,82,103.6,0.48,14.2,0.223,0.51
1258,1993-94,WSB,82,104.5,0.484,15.3,0.237,0.526
1259,1994-95,WSB,82,105.4,0.492,14.3,0.211,0.512
1260,1995-96,WSB,82,108.7,0.521,15,0.228,0.489
1261,1996-97,WSB*,82,106.6,0.505,14.6,0.21,0.491
1262,1974-75,WSB*,82,98,0.462,15.7,0.192,0.438
1263,1975-76,WSB*,82,97.5,0.472,16.9,0.22,0.442
1264,1976-77,WSB*,82,99.3,0.47,16.5,0.217,0.458
1265,1977-78,WSB*,82,101.3,0.461,15.3,0.243,0.467
1266,1978-79,WSB*,82,107.4,0.485,13.7,0.227,0.475
1267,2011-12,WAS,66,101,0.472,14.2,0.184,0.492
1268,2012-13,WAS,82,100.2,0.475,14.2,0.191,0.483
1269,2013-14,WAS*,82,106,0.506,13.6,0.181,0.504
1270,2014-15,WAS*,82,103.7,0.499,14,0.192,0.481
1271,2015-16,WAS,82,105.3,0.511,13.1,0.192,0.515
1272,2016-17,WAS*,82,111.2,0.528,12.8,0.199,0.524
1273,2017-18,WAS*,82,109.3,0.525,13.3,0.196,0.522
1274,2018-19,WAS,25,109.4,0.519,12,0.222,0.533
1275,1997-98,WAS,82,105.2,0.476,13,0.219,0.481
1276,1998-99,WAS,50,101.2,0.468,14.1,0.213,0.474
1277,1999-00,WAS,82,103.5,0.476,14.8,0.234,0.489
1278,2000-01,WAS,82,100.6,0.46,15.7,0.264,0.503
1279,2001-02,WAS,82,104.8,0.464,12.5,0.214,0.484
1280,2002-03,WAS,82,103,0.46,13,0.253,0.477
1281,2003-04,WAS,82,98.8,0.454,16,0.241,0.486
1282,2004-05,WAS*,82,107.2,0.474,12.9,0.264,0.498
1283,2005-06,WAS*,82,109.3,0.484,12.8,0.284,0.504
1284,2006-07,WAS*,82,110.1,0.491,12.6,0.272,0.517
1285,2007-08,WAS*,82,109.2,0.489,12.5,0.233,0.513
1286,2008-09,WAS,82,105.4,0.48,13.2,0.224,0.533
1287,2009-10,WAS,82,104.2,0.481,13.9,0.216,0.502
1288,2010-11,WAS,82,102.4,0.471,13.9,0.216,0.512