Rk,Season,Tm,G,W/L%,MP,FG,FGA,2P,2PA,3P,3PA,PTS
1,1968-69,ATL*,82,0.585,19730,3605,7844,3605,7844,,,9123
2,1969-70,ATL*,82,0.585,19780,3817,7907,3817,7907,,,9646
3,1970-71,ATL*,82,0.439,19755,3614,7779,3614,7779,,,9348
4,1971-72,ATL*,82,0.439,19730,3482,7570,3482,7570,,,8982
5,1972-73,ATL*,82,0.561,19830,3700,8033,3700,8033,,,9219
6,1973-74,ATL,82,0.427,19755,3602,7744,3602,7744,,,8907
7,1974-75,ATL,82,0.378,19805,3424,7824,3424,7824,,,8620
8,1975-76,ATL,82,0.354,19805,3301,7338,3301,7338,,,8411
9,1976-77,ATL,82,0.378,19705,3279,7176,3279,7176,,,8394
10,1977-78,ATL*,82,0.5,19830,3335,7253,3335,7253,,,8506
11,1978-79,ATL*,82,0.561,19855,3505,7410,3505,7410,,,8950
12,1979-80,ATL*,82,0.61,19780,3261,7027,3248,6952,13,75,8573
13,1980-81,ATL,82,0.378,19930,3291,6866,3281,6784,10,82,8604
14,1981-82,ATL*,82,0.512,19880,3210,6776,3182,6648,28,128,8281
15,1982-83,ATL*,82,0.524,19780,3352,7146,3307,6958,45,188,8335
16,1983-84,ATL*,82,0.488,19855,3230,6809,3207,6703,23,106,8321
17,1984-85,ATL,82,0.415,19855,3444,7119,3371,6884,73,235,8743
18,1985-86,ATL*,82,0.61,19805,3447,7029,3414,6863,33,166,8906
19,1986-87,ATL*,82,0.695,19730,3435,7141,3300,6716,135,425,9024
20,1987-88,ATL*,82,0.61,19780,3443,7102,3358,6820,85,282,8844
21,1988-89,ATL*,82,0.634,19805,3412,7230,3302,6833,110,397,9102
22,1989-90,ATL,82,0.5,19730,3417,7019,3293,6608,124,411,8901
23,1990-91,ATL*,82,0.524,19755,3349,7223,3078,6387,271,836,9003
24,1991-92,ATL,82,0.463,19905,3492,7476,3282,6805,210,671,8711
25,1992-93,ATL*,82,0.524,19830,3392,7272,3010,6196,382,1076,8814
26,1993-94,ATL*,82,0.695,19755,3247,7039,2979,6209,268,830,8318
27,1994-95,ATL*,82,0.512,19855,2986,6680,2447,5100,539,1580,7921
28,1995-96,ATL*,82,0.561,19730,2985,6665,2419,5070,566,1595,8059
29,1996-97,ATL*,82,0.683,19805,2812,6307,2153,4473,659,1834,7774
30,1997-98,ATL*,82,0.61,19880,2887,6352,2550,5336,337,1016,7860
31,1998-99,ATL*,50,0.62,12075,1539,3760,1342,3116,197,644,4315
32,1999-00,ATL,82,0.341,19830,3000,6807,2742,5993,258,814,7735
33,2000-01,ATL,82,0.305,19730,2876,6668,2543,5735,333,933,7459
34,2001-02,ATL,82,0.402,19780,2901,6610,2478,5416,423,1194,7711
35,2002-03,ATL,82,0.427,19905,2859,6434,2457,5293,402,1141,7714
36,2003-04,ATL,82,0.341,19905,2829,6529,2410,5280,419,1249,7611
37,2004-05,ATL,82,0.159,19855,2942,6672,2638,5699,304,973,7605
38,2005-06,ATL,82,0.317,19880,2946,6496,2522,5342,424,1154,7972
39,2006-07,ATL,82,0.366,19880,2831,6372,2490,5334,341,1038,7680
40,2007-08,ATL*,82,0.451,19855,2975,6552,2591,5474,384,1078,8054
41,2008-09,ATL*,82,0.573,19705,2956,6451,2359,4818,597,1633,8046
42,2009-10,ATL*,82,0.646,19855,3181,6801,2657,5346,524,1455,8338
43,2010-11,ATL*,82,0.537,19730,2971,6429,2469,5002,502,1427,7790
44,2011-12,ATL*,66,0.606,16165,2429,5348,1937,4018,492,1330,6375
45,2012-13,ATL*,82,0.537,19855,3084,6644,2378,4743,706,1901,8032
46,2013-14,ATL*,82,0.463,19830,3061,6688,2293,4572,768,2116,8282
47,2014-15,ATL*,82,0.732,19730,3121,6699,2303,4547,818,2152,8409
48,2015-16,ATL*,82,0.585,19830,3168,6923,2353,4597,815,2326,8433
49,2016-17,ATL*,82,0.524,19880,3123,6918,2394,4781,729,2137,8459
50,2017-18,ATL,82,0.293,19705,3130,7015,2213,4471,917,2544,8475
51,2018-19,ATL,25,0.2,6000,989,2236,711,1351,278,885,2699
52,1968-69,BAL*,82,0.695,19755,3770,8567,3770,8567,,,9542
53,1969-70,BAL*,82,0.61,19905,3925,8567,3925,8567,,,9900
54,1970-71,BAL*,82,0.512,19805,3684,8331,3684,8331,,,9254
55,1971-72,BAL*,82,0.463,19780,3490,7748,3490,7748,,,8784
56,1972-73,BAL*,82,0.634,19730,3656,7883,3656,7883,,,8606
57,1968-69,BOS*,82,0.585,19830,3583,8316,3583,8316,,,9102
58,1969-70,BOS,82,0.415,19780,3645,8235,3645,8235,,,9422
59,1970-71,BOS,82,0.537,19780,3804,8616,3804,8616,,,9608
60,1971-72,BOS*,82,0.683,19730,3819,8431,3819,8431,,,9477
61,1972-73,BOS*,82,0.829,19730,3811,8511,3811,8511,,,9238
62,1973-74,BOS*,82,0.683,19780,3630,7969,3630,7969,,,8937
63,1974-75,BOS*,82,0.732,19755,3587,7825,3587,7825,,,8734
64,1975-76,BOS*,82,0.659,19755,3527,7901,3527,7901,,,8708
65,1976-77,BOS*,82,0.537,19830,3462,7775,3462,7775,,,8572
66,1977-78,BOS,82,0.39,19830,3494,7635,3494,7635,,,8670
67,1978-79,BOS,82,0.354,19680,3527,7347,3527,7347,,,8874
68,1979-80,BOS*,82,0.744,19880,3617,7387,3455,6965,162,422,9303
69,1980-81,BOS*,82,0.756,19780,3581,7099,3516,6858,65,241,9008
70,1981-82,BOS*,82,0.768,19780,3657,7334,3608,7150,49,184,9180
71,1982-83,BOS*,82,0.683,19830,3711,7547,3672,7361,39,186,9191
72,1983-84,BOS*,82,0.756,19955,3616,7235,3561,7006,55,229,9194
73,1984-85,BOS*,82,0.768,19705,3721,7325,3611,7016,110,309,9412
74,1985-86,BOS*,82,0.817,19855,3718,7312,3580,6919,138,393,9359
75,1986-87,BOS*,82,0.72,19805,3645,7051,3438,6486,207,565,9237
76,1987-88,BOS*,82,0.695,19780,3599,6905,3328,6200,271,705,9315
77,1988-89,BOS*,82,0.512,19780,3520,7143,3442,6834,78,309,8958
78,1989-90,BOS*,82,0.634,19705,3563,7148,3457,6744,106,404,9023
79,1990-91,BOS*,82,0.683,19805,3695,7214,3586,6868,109,346,9145
80,1991-92,BOS*,82,0.622,19780,3543,7196,3433,6837,110,359,8745
81,1992-93,BOS*,82,0.585,19780,3453,7093,3343,6710,110,383,8502
82,1993-94,BOS,82,0.39,19905,3333,7057,3195,6580,138,477,8267
83,1994-95,BOS*,82,0.427,19805,3179,6847,2817,5863,362,984,8428
84,1995-96,BOS,82,0.402,19905,3163,6942,2624,5489,539,1453,8495
85,1996-97,BOS,82,0.183,19905,3066,6967,2599,5636,467,1331,8248
86,1997-98,BOS,82,0.439,19730,3012,6934,2597,5685,415,1249,7864
87,1998-99,BOS,50,0.38,12150,1816,4164,1543,3406,273,758,4650
88,1999-00,BOS,82,0.427,19730,3054,6880,2637,5620,417,1260,8146
89,2000-01,BOS,82,0.439,19830,2773,6485,2181,4852,592,1633,7759
90,2001-02,BOS*,82,0.598,19830,2852,6731,2153,4785,699,1946,7901
91,2002-03,BOS*,82,0.537,19830,2700,6509,1981,4354,719,2155,7599
92,2003-04,BOS*,82,0.439,19705,2843,6415,2290,4816,553,1599,7811
93,2004-05,BOS*,82,0.549,19880,3046,6511,2609,5259,437,1252,8304
94,2005-06,BOS,82,0.402,19880,2951,6322,2484,5032,467,1290,8033
95,2006-07,BOS,82,0.293,19855,2858,6454,2387,5171,471,1283,7857
96,2007-08,BOS*,82,0.805,19755,2986,6286,2390,4722,596,1564,8245
97,2008-09,BOS*,82,0.756,19880,3075,6333,2537,4978,538,1355,8275
98,2009-10,BOS*,82,0.61,19780,3039,6294,2540,4861,499,1433,8136
99,2010-11,BOS*,82,0.683,19780,3023,6219,2615,5100,408,1119,7913
100,2011-12,BOS*,66,0.591,15940,2341,5086,1978,4098,363,988,6062
101,2012-13,BOS*,81,0.506,19840,3001,6459,2503,5069,498,1390,7818
102,2013-14,BOS,82,0.305,19730,2996,6883,2421,5154,575,1729,7892
103,2014-15,BOS*,82,0.488,19880,3193,7211,2533,5190,660,2021,8312
104,2015-16,BOS*,82,0.585,19780,3216,7318,2499,5176,717,2142,8669
105,2016-17,BOS*,82,0.646,19755,3168,6978,2183,4236,985,2742,8857
106,2017-18,BOS*,82,0.671,19805,3141,6975,2202,4483,939,2492,8529
107,2018-19,BOS,23,0.565,5570,925,2077,627,1248,298,829,2496
108,2012-13,BRK*,82,0.598,19855,2942,6544,2314,4784,628,1760,7944
109,2013-14,BRK*,82,0.537,19880,2931,6391,2222,4469,709,1922,8079
110,2014-15,BRK*,82,0.463,19930,3069,6804,2528,5171,541,1633,8038
111,2015-16,BRK,82,0.256,19755,3136,6920,2605,5412,531,1508,8089
112,2016-17,BRK,82,0.244,19755,3102,6987,2225,4396,877,2591,8673
113,2017-18,BRK,82,0.341,19855,3136,7114,2095,4190,1041,2924,8741
114,2018-19,BRK,26,0.308,6315,1023,2322,708,1416,315,906,2826
115,1970-71,BUF,82,0.268,19805,3424,7860,3424,7860,,,8653
116,1971-72,BUF,82,0.268,19805,3409,7560,3409,7560,,,8367
117,1972-73,BUF,82,0.256,19730,3536,7877,3536,7877,,,8471
118,1973-74,BUF*,82,0.512,19830,3728,7763,3728,7763,,,9155
119,1974-75,BUF*,82,0.598,19730,3552,7469,3552,7469,,,8839
120,1975-76,BUF*,82,0.561,19705,3481,7307,3481,7307,,,8795
121,1976-77,BUF,82,0.366,19730,3366,7475,3366,7475,,,8612
122,1977-78,BUF,82,0.329,19805,3413,7323,3413,7323,,,8634
123,1973-74,CAP*,82,0.573,19730,3480,7886,3480,7886,,,8353
124,2004-05,CHA,82,0.22,19880,2961,6859,2641,5978,320,881,7729
125,2005-06,CHA,82,0.317,19905,2961,6843,2533,5582,428,1261,7943
126,2006-07,CHA,82,0.402,20005,2960,6643,2503,5363,457,1280,7945
127,2007-08,CHA,82,0.39,19880,2960,6554,2431,5111,529,1443,7959
128,2008-09,CHA,82,0.427,19930,2866,6299,2376,4960,490,1339,7677
129,2009-10,CHA*,82,0.537,19880,2858,6306,2398,4975,460,1331,7813
130,2010-11,CHA,82,0.415,19805,2873,6365,2480,5162,393,1203,7650
131,2011-12,CHA,66,0.106,15890,2193,5293,1930,4401,263,892,5739
132,2012-13,CHA,82,0.256,19805,2823,6649,2354,5250,469,1399,7661
133,2013-14,CHA*,82,0.524,19905,2976,6730,2460,5259,516,1471,7942
134,1988-89,CHH,82,0.244,19780,3426,7430,3292,7000,134,430,8566
135,1989-90,CHH,82,0.232,19755,3270,7183,3065,6572,205,611,8232
136,1990-91,CHH,82,0.317,19805,3286,7033,3155,6616,131,417,8428
137,1991-92,CHH,82,0.378,19805,3613,7568,3496,7199,117,369,8980
138,1992-93,CHH*,82,0.537,19755,3512,7210,3337,6673,175,537,9030
139,1993-94,CHH,82,0.5,19830,3382,7100,3046,6184,336,916,8732
140,1994-95,CHH*,82,0.61,19805,3051,6438,2491,5029,560,1409,8249
141,1995-96,CHH,82,0.5,19880,3108,6618,2524,5098,584,1520,8431
142,1996-97,CHH*,82,0.659,19805,2988,6342,2397,4960,591,1382,8108
143,1997-98,CHH*,82,0.622,19780,2968,6344,2622,5440,346,904,7923
144,1998-99,CHH,50,0.52,12150,1671,3718,1403,2983,268,735,4644
145,1999-00,CHH*,82,0.598,19780,2935,6533,2596,5532,339,1001,8072
146,2000-01,CHH*,82,0.561,19880,2800,6501,2460,5517,340,984,7539
147,2001-02,CHH*,82,0.537,19755,2893,6580,2547,5586,346,994,7700
148,2014-15,CHO,82,0.402,19905,2913,6932,2415,5366,498,1566,7721
149,2015-16,CHO*,82,0.585,19855,3036,6922,2163,4512,873,2410,8479
150,2016-17,CHO,82,0.439,19830,3093,7000,2269,4653,824,2347,8601
151,2017-18,CHO,82,0.439,19780,3197,7106,2373,4873,824,2233,8874
152,2018-19,CHO,24,0.458,5810,1007,2196,719,1386,288,810,2736
153,1968-69,CHI,82,0.402,19755,3355,8021,3355,8021,,,8587
154,1969-70,CHI*,82,0.476,19880,3607,8133,3607,8133,,,9423
155,1970-71,CHI*,82,0.622,19755,3460,7660,3460,7660,,,9070
156,1971-72,CHI*,82,0.695,19780,3539,7853,3539,7853,,,9117
157,1972-73,CHI*,82,0.622,19805,3480,7835,3480,7835,,,8534
158,1973-74,CHI*,82,0.659,19780,3292,7378,3292,7378,,,8368
159,1974-75,CHI*,82,0.573,19880,3167,7085,3167,7085,,,8045
160,1975-76,CHI,82,0.293,19780,3106,7499,3106,7499,,,7863
161,1976-77,CHI*,82,0.537,19805,3249,7186,3249,7186,,,8111
162,1977-78,CHI,82,0.488,19755,3330,7041,3330,7041,,,8523
163,1978-79,CHI,82,0.378,19780,3478,7108,3478,7108,,,8588
164,1979-80,CHI,82,0.366,19905,3362,6943,3292,6668,70,275,8813
165,1980-81,CHI*,82,0.549,19780,3457,6903,3419,6724,38,179,8937
166,1981-82,CHI,82,0.415,19880,3369,6728,3315,6515,54,213,8743
167,1982-83,CHI,82,0.341,19905,3537,7373,3492,7164,45,209,9102
168,1983-84,CHI,82,0.329,19980,3305,6972,3285,6855,20,117,8501
169,1984-85,CHI*,82,0.463,19805,3453,6909,3424,6748,29,161,8916
170,1985-86,CHI*,82,0.366,19855,3476,7227,3388,6910,88,317,8962
171,1986-87,CHI*,82,0.488,19830,3382,7155,3304,6856,78,299,8596
172,1987-88,CHI*,82,0.61,19855,3434,7015,3378,6772,56,243,8609
173,1988-89,CHI*,82,0.573,19780,3448,6968,3274,6438,174,530,8726
174,1989-90,CHI*,82,0.671,19830,3531,7090,3281,6421,250,669,8977
175,1990-91,CHI*,82,0.744,19755,3632,7125,3477,6701,155,424,9024
176,1991-92,CHI*,82,0.817,19830,3643,7168,3505,6714,138,454,9011
177,1992-93,CHI*,82,0.695,19830,3475,7205,3231,6536,244,669,8625
178,1993-94,CHI*,82,0.671,19780,3245,6815,3012,6156,233,659,8033
179,1994-95,CHI*,82,0.573,19830,3191,6710,2748,5523,443,1187,8325
180,1995-96,CHI*,82,0.878,19730,3293,6892,2749,5543,544,1349,8625
181,1996-97,CHI*,82,0.841,19730,3277,6923,2754,5520,523,1403,8458
182,1997-98,CHI*,82,0.756,19855,3064,6801,2753,5839,311,962,7931
183,1998-99,CHI,50,0.26,12075,1539,3837,1362,3225,177,612,4095
184,1999-00,CHI,82,0.207,19805,2565,6180,2225,5148,340,1032,6952
185,2000-01,CHI,82,0.183,19855,2721,6411,2392,5461,329,950,7181
186,2001-02,CHI,82,0.256,19805,2811,6491,2511,5623,300,868,7335
187,2002-03,CHI,82,0.366,19930,2991,6714,2642,5717,349,997,7786
188,2003-04,CHI,82,0.28,19830,2798,6753,2369,5497,429,1256,7355
189,2004-05,CHI*,82,0.573,19830,2849,6592,2338,5159,511,1433,7745
190,2005-06,CHI*,82,0.5,19905,3004,6737,2444,5260,560,1477,8020
191,2006-07,CHI*,82,0.598,19780,3046,6663,2566,5426,480,1237,8100
192,2007-08,CHI,82,0.402,19805,2987,6861,2513,5556,474,1305,7981
193,2008-09,CHI*,82,0.5,19930,3126,6846,2633,5553,493,1293,8378
194,2009-10,CHI*,82,0.5,19905,3081,6825,2729,5759,352,1066,7993
195,2010-11,CHI*,82,0.756,19830,3042,6587,2531,5172,511,1415,8087
196,2011-12,CHI*,66,0.758,15940,2467,5462,2048,4345,419,1117,6359
197,2012-13,CHI*,82,0.549,19830,2926,6698,2480,5433,446,1265,7641
198,2013-14,CHI*,82,0.585,19930,2843,6577,2335,5118,508,1459,7680
199,2014-15,CHI*,82,0.61,19880,3001,6797,2356,4972,645,1825,8265
200,2015-16,CHI,82,0.512,19905,3165,7170,2514,5417,651,1753,8335
201,2016-17,CHI*,82,0.5,19780,3169,7141,2546,5310,623,1831,8435
202,2017-18,CHI,82,0.329,19855,3170,7285,2264,4736,906,2549,8440
203,2018-19,CHI,25,0.2,6075,961,2188,711,1455,250,733,2571
204,1968-69,CIN,82,0.5,19805,3565,7742,3565,7742,,,9392
205,1969-70,CIN,82,0.439,19880,3767,8271,3767,8271,,,9616
206,1970-71,CIN,82,0.402,19830,3805,8374,3805,8374,,,9511
207,1971-72,CIN,82,0.366,19780,3444,7496,3444,7496,,,8836
208,1970-71,CLE,82,0.183,19680,3299,7778,3299,7778,,,8373
209,1971-72,CLE,82,0.28,19755,3458,8074,3458,8074,,,8674
210,1972-73,CLE,82,0.39,19830,3431,7884,3431,7884,,,8418
211,1973-74,CLE,82,0.354,19755,3420,7782,3420,7782,,,8221
212,1974-75,CLE,82,0.488,19880,3408,7371,3408,7371,,,8117
213,1975-76,CLE*,82,0.598,19805,3497,7709,3497,7709,,,8340
214,1976-77,CLE*,82,0.524,19780,3451,7688,3451,7688,,,8370
215,1977-78,CLE*,82,0.524,19880,3496,7707,3496,7707,,,8561
216,1978-79,CLE,82,0.366,19680,3556,7602,3556,7602,,,8732
217,1979-80,CLE,82,0.451,19930,3811,8041,3775,7854,36,187,9360
218,1980-81,CLE,82,0.341,19780,3556,7609,3484,7360,72,249,8670
219,1981-82,CLE,82,0.183,19805,3405,7334,3380,7197,25,137,8463
220,1982-83,CLE,82,0.28,19755,3252,6995,3222,6875,30,120,7964
221,1983-84,CLE,82,0.341,19855,3362,7232,3319,7068,43,164,8386
222,1984-85,CLE*,82,0.439,19780,3470,7364,3374,7029,96,335,8903
223,1985-86,CLE,82,0.354,19780,3478,7239,3346,6848,132,391,8836
224,1986-87,CLE,82,0.378,19755,3349,7122,3268,6784,81,338,8558
225,1987-88,CLE*,82,0.512,19780,3313,6755,3186,6419,127,336,8566
226,1988-89,CLE*,82,0.695,19755,3466,6904,3296,6430,170,474,8923
227,1989-90,CLE*,82,0.512,19880,3214,6977,2868,6126,346,851,8411
228,1990-91,CLE,82,0.402,19830,3259,6857,3099,6378,160,479,8343
229,1991-92,CLE*,82,0.695,19805,3427,7025,3174,6317,253,708,8926
230,1992-93,CLE*,82,0.659,19830,3425,6887,3142,6145,283,742,8832
231,1993-94,CLE*,82,0.573,19855,3133,6731,2839,5918,294,813,8296
232,1994-95,CLE*,82,0.524,19930,2756,6255,2358,5222,398,1033,7417
233,1995-96,CLE*,82,0.573,19830,2761,5998,2165,4416,596,1582,7473
234,1996-97,CLE,82,0.512,19855,2704,5972,2221,4688,483,1284,7173
235,1997-98,CLE*,82,0.573,19830,2817,6207,2519,5406,298,801,7585
236,1998-99,CLE,50,0.44,12050,1562,3561,1380,3027,182,534,4322
237,1999-00,CLE,82,0.39,19855,2977,6734,2634,5815,343,919,7950
238,2000-01,CLE,82,0.366,19830,2890,6532,2670,5873,220,659,7561
239,2001-02,CLE,82,0.354,19855,2948,6582,2561,5556,387,1026,7812
240,2002-03,CLE,82,0.207,19830,2850,6746,2557,5850,293,896,7495
241,2003-04,CLE,82,0.427,19855,2922,6753,2675,5967,247,786,7619
242,2004-05,CLE,82,0.512,19855,2990,6687,2690,5783,300,904,7914
243,2005-06,CLE*,82,0.61,19830,2908,6412,2411,4947,497,1465,8002
244,2006-07,CLE*,82,0.61,19880,2978,6658,2484,5254,494,1404,7934
245,2007-08,CLE*,82,0.549,19855,2937,6697,2385,5153,552,1544,7903
246,2008-09,CLE*,82,0.805,19780,3022,6454,2366,4784,656,1670,8223
247,2009-10,CLE*,82,0.744,19780,3101,6391,2499,4809,602,1582,8373
248,2010-11,CLE,82,0.232,19755,2886,6647,2377,5158,509,1489,7827
249,2011-12,CLE,66,0.318,15965,2261,5360,1821,4087,440,1273,6140
250,2012-13,CLE,82,0.293,19730,2993,6901,2446,5320,547,1581,7913
251,2013-14,CLE,82,0.402,19930,3036,6955,2452,5315,584,1640,8054
252,2014-15,CLE*,82,0.646,19780,3089,6739,2263,4486,826,2253,8457
253,2015-16,CLE*,82,0.695,19855,3171,6888,2291,4460,880,2428,8555
254,2016-17,CLE*,82,0.622,19880,3275,6963,2208,4184,1067,2779,9048
255,2017-18,CLE*,82,0.61,19730,3311,6950,2330,4314,981,2636,9091
256,2018-19,CLE,24,0.208,5760,926,2098,726,1529,200,569,2464
257,1980-81,DAL,82,0.183,19780,3204,6928,3158,6763,46,165,8322
258,1981-82,DAL,82,0.341,19730,3390,7224,3335,7034,55,190,8575
259,1982-83,DAL,82,0.463,19730,3674,7550,3631,7365,43,185,9243
260,1983-84,DAL*,82,0.524,19955,3618,7235,3576,7051,42,184,9052
261,1984-85,DAL*,82,0.537,19855,3560,7280,3408,6837,152,443,9116
262,1985-86,DAL*,82,0.537,19805,3631,7254,3490,6808,141,446,9453
263,1986-87,DAL*,82,0.671,19880,3594,7373,3363,6720,231,653,9567
264,1987-88,DAL*,82,0.646,19755,3413,7191,3259,6665,154,526,8960
265,1988-89,DAL,82,0.463,19780,3244,6917,3033,6236,211,681,8484
266,1989-90,DAL*,82,0.573,19855,3246,6831,3089,6345,157,486,8384
267,1990-91,DAL,82,0.341,19805,3245,6890,3052,6290,193,600,8195
268,1991-92,DAL,82,0.268,19755,3120,7104,2852,6307,268,797,8007
269,1992-93,DAL,82,0.134,19730,3164,7271,2881,6434,283,837,8141
270,1993-94,DAL,82,0.159,19730,3055,7070,2814,6297,241,773,7801
271,1994-95,DAL,82,0.439,19930,3227,7342,2841,6142,386,1200,8462
272,1995-96,DAL,82,0.317,19930,3124,7431,2389,5392,735,2039,8409
273,1996-97,DAL,82,0.293,19805,2813,6452,2383,5136,430,1316,7431
274,1997-98,DAL,82,0.244,19905,2882,6754,2460,5571,422,1183,7494
275,1998-99,DAL,50,0.38,12075,1749,4033,1547,3438,202,595,4581
276,1999-00,DAL,82,0.488,19730,3195,7047,2676,5721,519,1326,8316
277,2000-01,DAL*,82,0.646,19805,3085,6716,2568,5359,517,1357,8239
278,2001-02,DAL*,82,0.695,19880,3200,6930,2579,5285,621,1645,8629
279,2002-03,DAL*,82,0.732,19780,3161,6982,2525,5314,636,1668,8444
280,2003-04,DAL*,82,0.634,19805,3322,7230,2815,5774,507,1456,8626
281,2004-05,DAL*,82,0.707,19730,3058,6691,2595,5418,463,1273,8405
282,2005-06,DAL*,82,0.732,19880,2948,6375,2532,5262,416,1113,8130
283,2006-07,DAL*,82,0.817,19755,3010,6442,2475,5038,535,1404,8201
284,2007-08,DAL*,82,0.622,19730,3025,6515,2531,5112,494,1403,8234
285,2008-09,DAL*,82,0.61,19805,3128,6770,2557,5138,571,1632,8343
286,2009-10,DAL*,82,0.671,19880,3140,6760,2582,5262,558,1498,8364
287,2010-11,DAL*,82,0.695,19705,3069,6463,2424,4695,645,1768,8220
288,2011-12,DAL*,66,0.545,16065,2398,5412,1901,3948,497,1464,6322
289,2012-13,DAL,82,0.5,19980,3182,6892,2576,5264,606,1628,8293
290,2013-14,DAL*,82,0.598,19830,3249,6858,2528,4981,721,1877,8597
291,2014-15,DAL*,82,0.61,19880,3255,7036,2523,4954,732,2082,8628
292,2015-16,DAL*,82,0.512,20005,3064,6900,2258,4558,806,2342,8388
293,2016-17,DAL,82,0.402,19780,2968,6750,2090,4277,878,2473,8029
294,2017-18,DAL,82,0.293,19805,3128,7042,2161,4354,967,2688,8390
295,2018-19,DAL,23,0.522,5545,909,1982,634,1208,275,774,2544
296,1976-77,DEN*,82,0.61,19780,3590,7471,3590,7471,,,9233
297,1977-78,DEN*,82,0.585,19830,3548,7441,3548,7441,,,9164
298,1978-79,DEN*,82,0.573,19705,3517,7311,3517,7311,,,9080
299,1979-80,DEN,82,0.366,19830,3462,7470,3379,7215,83,255,8878
300,1980-81,DEN,82,0.451,19955,3784,7960,3754,7815,30,145,9986
301,1981-82,DEN*,82,0.561,19830,3980,7656,3940,7507,40,149,10371
302,1982-83,DEN*,82,0.549,19730,3951,7999,3927,7873,24,126,10105
303,1983-84,DEN*,82,0.463,19805,3935,7983,3858,7728,77,255,10147
304,1984-85,DEN*,82,0.634,19830,3876,7976,3803,7741,73,235,9841
305,1985-86,DEN*,82,0.573,19755,3705,7868,3634,7563,71,305,9410
306,1986-87,DEN*,82,0.451,19780,3744,7951,3638,7560,106,391,9569
307,1987-88,DEN*,82,0.659,19780,3770,7961,3578,7399,192,562,9573
308,1988-89,DEN*,82,0.537,19880,3813,8140,3585,7464,228,676,9675
309,1989-90,DEN*,82,0.524,19805,3716,8015,3488,7338,228,677,9397
310,1990-91,DEN,82,0.244,19730,3901,8868,3601,7809,300,1059,9828
311,1991-92,DEN,82,0.293,19780,3262,7380,3136,6962,126,418,8176
312,1992-93,DEN,82,0.439,19830,3352,7282,3214,6828,138,454,8626
313,1993-94,DEN*,82,0.512,19755,3156,6781,2986,6184,170,597,8221
314,1994-95,DEN*,82,0.5,19980,3098,6461,2685,5301,413,1160,8309
315,1995-96,DEN,82,0.427,19830,3001,6657,2604,5509,397,1148,8013
316,1996-97,DEN,82,0.256,19930,2934,6687,2298,4976,636,1711,8020
317,1997-98,DEN,82,0.134,19730,2677,6412,2389,5519,288,893,7300
318,1998-99,DEN,50,0.28,12025,1681,3989,1379,3067,302,922,4674
319,1999-00,DEN,82,0.427,19855,3057,6911,2587,5514,470,1397,8115
320,2000-01,DEN,82,0.488,19780,2979,6877,2467,5433,512,1444,7918
321,2001-02,DEN,82,0.329,19805,2915,6870,2492,5585,423,1285,7559
322,2002-03,DEN,82,0.207,19730,2689,6544,2460,5720,229,824,6901
323,2003-04,DEN*,82,0.524,19730,2993,6763,2662,5778,331,985,7972
324,2004-05,DEN*,82,0.598,19755,3038,6615,2718,5675,320,940,8161
325,2005-06,DEN*,82,0.537,19930,3078,6672,2728,5596,350,1076,8227
326,2006-07,DEN*,82,0.549,19780,3164,6805,2680,5365,484,1440,8639
327,2007-08,DEN*,82,0.61,19855,3307,7038,2738,5433,569,1605,9074
328,2008-09,DEN*,82,0.659,19730,3058,6510,2510,5033,548,1477,8555
329,2009-10,DEN*,82,0.646,19780,3124,6678,2580,5161,544,1517,8729
330,2010-11,DEN*,82,0.61,19705,3145,6613,2483,4909,662,1704,8811
331,2011-12,DEN*,66,0.576,16040,2572,5404,2137,4093,435,1311,6872
332,2012-13,DEN*,82,0.695,19905,3339,6983,2818,5465,521,1518,8704
333,2013-14,DEN,82,0.439,19755,3147,7042,2445,5083,702,1959,8559
334,2014-15,DEN,82,0.366,19880,3099,7158,2439,5126,660,2032,8320
335,2015-16,DEN,82,0.402,19830,3093,7003,2437,5060,656,1943,8355
336,2016-17,DEN,82,0.488,19755,3377,7194,2507,4829,870,2365,9161
337,2017-18,DEN,82,0.561,19880,3338,7102,2398,4566,940,2536,9020
338,2018-19,DEN,24,0.708,5810,1005,2148,755,1443,250,705,2659
339,1968-69,DET,82,0.39,19755,3609,7997,3609,7997,,,9359
340,1969-70,DET,82,0.378,19855,3565,7657,3565,7657,,,9246
341,1970-71,DET,82,0.549,19855,3468,7730,3468,7730,,,9029
342,1971-72,DET,82,0.317,19805,3482,7665,3482,7665,,,8945
343,1972-73,DET,82,0.488,19780,3666,7916,3666,7916,,,9042
344,1973-74,DET*,82,0.634,19755,3453,7515,3453,7515,,,8560
345,1974-75,DET*,82,0.488,19705,3289,7053,3289,7053,,,8111
346,1975-76,DET*,82,0.439,19780,3524,7598,3524,7598,,,8605
347,1976-77,DET*,82,0.537,19730,3764,7792,3764,7792,,,8970
348,1977-78,DET,82,0.463,19855,3552,7424,3552,7424,,,8936
349,1978-79,DET,82,0.366,19780,3708,7802,3708,7802,,,9023
350,1979-80,DET,82,0.195,19780,3643,7596,3586,7377,57,219,8933
351,1980-81,DET,82,0.256,19755,3236,6986,3223,6902,13,84,8174
352,1981-82,DET,82,0.476,19830,3561,7391,3509,7178,52,213,9112
353,1982-83,DET,82,0.451,19880,3623,7602,3551,7330,72,272,9239
354,1983-84,DET*,82,0.598,19905,3798,7910,3766,7769,32,141,9602
355,1984-85,DET*,82,0.561,19830,3840,7999,3795,7800,45,199,9508
356,1985-86,DET*,82,0.561,19780,3754,7750,3699,7568,55,182,9363
357,1986-87,DET*,82,0.634,19830,3544,7237,3505,7068,39,169,9118
358,1987-88,DET*,82,0.659,19780,3461,7018,3403,6816,58,202,8957
359,1988-89,DET*,82,0.768,19830,3395,6879,3275,6479,120,400,8740
360,1989-90,DET*,82,0.72,19805,3333,6980,3156,6439,177,541,8556
361,1990-91,DET*,82,0.61,19805,3194,6875,3063,6435,131,440,8205
362,1991-92,DET*,82,0.585,19780,3191,6867,3026,6341,165,526,8113
363,1992-93,DET,82,0.488,19780,3267,7211,2975,6303,292,908,8252
364,1993-94,DET,82,0.244,19730,3169,7017,2811,5976,358,1041,7949
365,1994-95,DET,82,0.341,19730,3060,6633,2566,5237,494,1396,8053
366,1995-96,DET*,82,0.561,19830,2810,6122,2265,4772,545,1350,7822
367,1996-97,DET*,82,0.659,19830,2827,6095,2245,4596,582,1499,7723
368,1997-98,DET,82,0.451,19955,2862,6373,2569,5435,293,938,7721
369,1998-99,DET*,50,0.58,12050,1660,3716,1412,3037,248,679,4518
370,1999-00,DET*,82,0.512,19830,3044,6635,2605,5412,439,1223,8483
371,2000-01,DET,82,0.39,19855,2919,6880,2530,5768,389,1112,7837
372,2001-02,DET*,82,0.61,19680,2845,6300,2278,4791,567,1509,7735
373,2002-03,DET*,82,0.61,19905,2700,6277,2167,4789,533,1488,7492
374,2003-04,DET*,82,0.659,19780,2747,6314,2414,5346,333,968,7388
375,2004-05,DET*,82,0.659,19955,2851,6421,2488,5368,363,1053,7653
376,2005-06,DET*,82,0.78,19830,2983,6558,2426,5107,557,1451,7941
377,2006-07,DET*,82,0.646,19880,2942,6484,2493,5179,449,1305,7872
378,2007-08,DET*,82,0.72,19730,2999,6551,2512,5221,487,1330,7992
379,2008-09,DET*,82,0.476,19905,2981,6559,2604,5480,377,1079,7727
380,2009-10,DET,82,0.329,19780,2940,6602,2566,5412,374,1190,7709
381,2010-11,DET,82,0.366,19880,3056,6647,2584,5391,472,1256,7951
382,2011-12,DET,66,0.379,15965,2291,5232,1974,4316,317,916,5997
383,2012-13,DET,82,0.354,19805,2979,6638,2466,5198,513,1440,7778
384,2013-14,DET,82,0.354,19780,3182,7124,2675,5544,507,1580,8286
385,2014-15,DET,82,0.39,19830,3041,7038,2338,4995,703,2043,8077
386,2015-16,DET*,82,0.537,19880,3111,7087,2371,4939,740,2148,8361
387,2016-17,DET,82,0.451,19805,3269,7282,2638,5367,631,1915,8309
388,2017-18,DET,82,0.476,19805,3208,7129,2322,4756,886,2373,8509
389,2018-19,DET,22,0.591,5380,874,2033,633,1277,241,756,2406
390,1971-72,GSW*,82,0.622,19705,3477,7923,3477,7923,,,8871
391,1972-73,GSW*,82,0.573,19730,3715,8163,3715,8163,,,8923
392,1973-74,GSW,82,0.537,19705,3721,8020,3721,8020,,,9011
393,1974-75,GSW*,82,0.585,19780,3714,7981,3714,7981,,,8898
394,1975-76,GSW*,82,0.72,19830,3691,7982,3691,7982,,,9002
395,1976-77,GSW*,82,0.561,19780,3724,7832,3724,7832,,,9097
396,1977-78,GSW,82,0.524,19780,3574,7654,3574,7654,,,8698
397,1978-79,GSW,82,0.463,19780,3627,7453,3627,7453,,,8621
398,1979-80,GSW,82,0.293,19880,3527,7318,3500,7197,27,121,8493
399,1980-81,GSW,82,0.476,19730,3560,7284,3500,7074,60,210,9006
400,1981-82,GSW,82,0.549,19780,3646,7349,3555,7024,91,325,9092
401,1982-83,GSW,82,0.366,19780,3627,7508,3593,7358,34,150,8908
402,1983-84,GSW,82,0.451,19830,3519,7534,3464,7308,55,226,9008
403,1984-85,GSW,82,0.268,19855,3498,7555,3386,7158,112,397,9052
404,1985-86,GSW,82,0.366,19780,3650,7567,3563,7289,87,278,9299
405,1986-87,GSW*,82,0.512,19905,3551,7412,3435,7048,116,364,9188
406,1987-88,GSW,82,0.244,19780,3463,7404,3372,7092,91,312,8771
407,1988-89,GSW*,82,0.524,19905,3730,7977,3536,7348,194,629,9558
408,1989-90,GSW,82,0.451,19705,3489,7208,3246,6458,243,750,9534
409,1990-91,GSW*,82,0.537,19805,3566,7346,3296,6545,270,801,9564
410,1991-92,GSW*,82,0.671,19880,3767,7427,3513,6664,254,763,9732
411,1992-93,GSW,82,0.415,19905,3474,7212,3176,6360,298,852,9014
412,1993-94,GSW*,82,0.61,19780,3512,7145,3221,6286,291,859,8844
413,1994-95,GSW,82,0.317,19905,3217,6873,2671,5271,546,1602,8667
414,1995-96,GSW,82,0.439,19755,3056,6700,2609,5501,447,1199,8334
415,1996-97,GSW,82,0.366,19905,2997,6567,2516,5204,481,1363,8171
416,1997-98,GSW,82,0.232,19830,2845,6883,2656,6187,189,696,7237
417,1998-99,GSW,50,0.42,12125,1730,4173,1568,3608,162,565,4416
418,1999-00,GSW,82,0.232,19755,2996,7140,2651,6071,345,1069,7834
419,2000-01,GSW,82,0.207,19780,2937,7175,2655,6211,282,964,7584
420,2001-02,GSW,82,0.256,19780,2998,6989,2678,5995,320,994,8009
421,2002-03,GSW,82,0.463,19755,3061,6941,2636,5706,425,1235,8400
422,2003-04,GSW,82,0.451,19855,2875,6511,2446,5228,429,1283,7649
423,2004-05,GSW,82,0.415,19905,3029,7039,2405,5265,624,1774,8094
424,2005-06,GSW,82,0.415,19830,2939,6785,2314,4953,625,1832,8076
425,2006-07,GSW*,82,0.512,19755,3261,7048,2561,5081,700,1967,8737
426,2007-08,GSW,82,0.585,19780,3403,7406,2642,5221,761,2185,9105
427,2008-09,GSW,82,0.354,19880,3231,7055,2681,5580,550,1475,8905
428,2009-10,GSW,82,0.317,19730,3329,7094,2696,5407,633,1687,8922
429,2010-11,GSW,82,0.439,19830,3251,7047,2566,5298,685,1749,8477
430,2011-12,GSW,66,0.348,15915,2489,5443,1965,4092,524,1351,6453
431,2012-13,GSW*,82,0.573,19805,3130,6840,2472,5208,658,1632,8296
432,2013-14,GSW*,82,0.622,19830,3236,7005,2462,4968,774,2037,8549
433,2014-15,GSW*,82,0.817,19730,3410,7137,2527,4920,883,2217,9016
434,2015-16,GSW*,82,0.89,19880,3489,7159,2412,4567,1077,2592,9421
435,2016-17,GSW*,82,0.817,19780,3532,7140,2550,4578,982,2562,9503
436,2017-18,GSW*,82,0.707,19730,3509,6981,2583,4611,926,2370,9304
437,2018-19,GSW,26,0.654,6290,1132,2277,832,1509,300,768,3038
438,1971-72,HOU,82,0.415,19730,3590,8277,3590,8277,,,8993
439,1972-73,HOU,82,0.402,19680,3772,8249,3772,8249,,,9250
440,1973-74,HOU,82,0.39,19855,3564,7426,3564,7426,,,8810
441,1974-75,HOU*,82,0.5,19780,3448,7231,3448,7231,,,8521
442,1975-76,HOU,82,0.488,19755,3546,7304,3546,7304,,,8708
443,1976-77,HOU*,82,0.598,19780,3535,7325,3535,7325,,,8726
444,1977-78,HOU,82,0.341,19730,3523,7691,3523,7691,,,8513
445,1978-79,HOU*,82,0.573,19780,3726,7498,3726,7498,,,9297
446,1979-80,HOU*,82,0.5,19930,3599,7496,3495,7117,104,379,9084
447,1980-81,HOU*,82,0.488,19805,3573,7335,3552,7217,21,118,8878
448,1981-82,HOU*,82,0.561,19780,3504,7366,3454,7190,50,176,8680
449,1982-83,HOU,82,0.171,19730,3338,7446,3271,7175,67,271,8145
450,1983-84,HOU,82,0.354,19755,3729,7533,3699,7379,30,154,9071
451,1984-85,HOU*,82,0.585,19830,3748,7440,3707,7254,41,186,9118
452,1985-86,HOU*,82,0.622,19755,3759,7671,3674,7361,85,310,9379
453,1986-87,HOU*,82,0.512,19780,3465,7262,3376,6938,89,324,8765
454,1987-88,HOU*,82,0.561,19680,3465,7354,3396,7063,69,291,8935
455,1988-89,HOU*,82,0.549,19855,3412,7196,3248,6673,164,523,8897
456,1989-90,HOU*,82,0.5,19805,3483,7250,3330,6759,153,491,8752
457,1990-91,HOU*,82,0.634,19855,3403,7287,3087,6298,316,989,8753
458,1991-92,HOU,82,0.512,19880,3273,6894,2944,5935,329,959,8366
459,1992-93,HOU*,82,0.671,19780,3280,6744,2893,5671,387,1073,8531
460,1993-94,HOU*,82,0.707,19780,3197,6733,2768,5448,429,1285,8292
461,1994-95,HOU*,82,0.573,19730,3159,6579,2513,4822,646,1757,8491
462,1995-96,HOU*,82,0.585,19805,3078,6638,2441,4877,637,1761,8404
463,1996-97,HOU*,82,0.695,19855,3037,6484,2366,4645,671,1839,8248
464,1997-98,HOU*,82,0.5,19830,2946,6513,2373,4843,573,1670,8099
465,1998-99,HOU*,50,0.62,12075,1755,3798,1419,2884,336,914,4711
466,1999-00,HOU,82,0.415,19830,3001,6664,2420,5039,581,1625,8156
467,2000-01,HOU,82,0.549,19830,2943,6494,2439,5082,504,1412,7972
468,2001-02,HOU,82,0.341,19980,2837,6629,2341,5149,496,1480,7572
469,2002-03,HOU,82,0.524,19930,2840,6461,2401,5194,439,1267,7688
470,2003-04,HOU*,82,0.549,19930,2738,6195,2223,4789,515,1406,7362
471,2004-05,HOU*,82,0.622,19855,2846,6419,2293,4898,553,1521,7796
472,2005-06,HOU,82,0.415,19830,2708,6252,2239,4838,469,1414,7387
473,2006-07,HOU*,82,0.634,19855,2906,6528,2201,4635,705,1893,7953
474,2007-08,HOU*,82,0.671,19730,3003,6698,2420,4991,583,1707,7931
475,2008-09,HOU*,82,0.646,19805,2959,6526,2338,4870,621,1656,8070
476,2009-10,HOU,82,0.512,19905,3094,6923,2448,5085,646,1838,8395
477,2010-11,HOU,82,0.524,19880,3170,6975,2493,5132,677,1843,8685
478,2011-12,HOU,66,0.515,16065,2489,5543,2011,4213,478,1330,6474
479,2012-13,HOU*,82,0.549,19780,3124,6782,2257,4413,867,2369,8688
480,2013-14,HOU*,82,0.659,19830,3118,6603,2339,4424,779,2179,8829
481,2014-15,HOU*,82,0.683,19805,3032,6832,2099,4152,933,2680,8522
482,2015-16,HOU*,82,0.5,19830,3094,6847,2216,4314,878,2533,8737
483,2016-17,HOU*,82,0.671,19780,3305,7152,2124,3846,1181,3306,9458
484,2017-18,HOU*,82,0.793,19755,3174,6906,1918,3436,1256,3470,9213
485,2018-19,HOU,23,0.478,5570,884,1969,551,996,333,973,2512
486,1976-77,IND,82,0.439,19755,3522,7840,3522,7840,,,8758
487,1977-78,IND,82,0.378,19830,3500,7783,3500,7783,,,8904
488,1978-79,IND,82,0.463,19705,3575,7525,3575,7525,,,8909
489,1979-80,IND,82,0.451,19855,3639,7689,3551,7375,88,314,9119
490,1980-81,IND*,82,0.537,19730,3491,7245,3461,7076,30,169,8827
491,1981-82,IND,82,0.427,19830,3332,7164,3229,6848,103,316,8379
492,1982-83,IND,82,0.244,19830,3707,7723,3657,7487,50,236,8911
493,1983-84,IND,82,0.317,19780,3447,7130,3399,6923,48,207,8566
494,1984-85,IND,82,0.268,19780,3489,7324,3459,7169,30,155,8879
495,1985-86,IND,82,0.317,19755,3441,7150,3418,7007,23,143,8519
496,1986-87,IND*,82,0.5,19930,3454,7324,3360,7008,94,316,8698
497,1987-88,IND,82,0.463,19705,3436,7154,3273,6669,163,485,8581
498,1988-89,IND,82,0.341,19855,3385,6945,3183,6330,202,615,8767
499,1989-90,IND*,82,0.512,19880,3381,6807,3087,6037,294,770,8962
500,1990-91,IND*,82,0.5,19805,3450,6994,3201,6245,249,749,9159
501,1991-92,IND*,82,0.488,19955,3498,7079,3165,6139,333,940,9197
502,1992-93,IND*,82,0.5,19755,3371,7022,3114,6233,257,789,8836
503,1993-94,IND*,82,0.573,19755,3167,6516,2983,6016,184,500,8280
504,1994-95,IND*,82,0.634,19780,2983,6248,2609,5263,374,985,8136
505,1995-96,IND*,82,0.634,19755,2979,6205,2616,5232,363,973,8144
506,1996-97,IND,82,0.476,19930,2851,6254,2421,5124,430,1130,7819
507,1997-98,IND*,82,0.707,19830,2921,6223,2520,5194,401,1029,7874
508,1998-99,IND*,50,0.66,12100,1731,3866,1437,3067,294,799,4733
509,1999-00,IND*,82,0.683,19730,3047,6640,2464,5153,583,1487,8306
510,2000-01,IND*,82,0.5,19980,2828,6431,2432,5272,396,1159,7591
511,2001-02,IND*,82,0.512,19905,2935,6580,2530,5385,405,1195,7938
512,2002-03,IND*,82,0.585,19905,2911,6608,2532,5489,379,1119,7940
513,2003-04,IND*,82,0.744,19805,2753,6322,2304,5041,449,1281,7493
514,2004-05,IND*,82,0.537,19905,2668,6169,2126,4594,542,1575,7626
515,2005-06,IND*,82,0.5,19730,2786,6274,2250,4738,536,1536,7699
516,2006-07,IND,82,0.427,19780,2872,6561,2391,5172,481,1389,7840
517,2007-08,IND,82,0.439,19755,3102,6993,2347,4972,755,2021,8527
518,2008-09,IND,82,0.439,19830,3220,7080,2568,5355,652,1725,8617
519,2009-10,IND,82,0.39,19705,3020,6823,2361,4927,659,1896,8263
520,2010-11,IND*,82,0.451,19780,3003,6787,2418,5134,585,1653,8183
521,2011-12,IND*,66,0.636,15990,2354,5375,1962,4311,392,1064,6449
522,2012-13,IND*,81,0.605,19590,2845,6525,2290,4926,555,1599,7674
523,2013-14,IND*,82,0.683,19780,2949,6573,2399,5031,550,1542,7933
524,2014-15,IND,82,0.463,19855,2998,6824,2386,5084,612,1740,7981
525,2015-16,IND*,82,0.549,19880,3142,6985,2479,5096,663,1889,8377
526,2016-17,IND*,82,0.512,19855,3221,6931,2512,5046,709,1885,8618
527,2017-18,IND*,82,0.585,19755,3345,7083,2604,5073,741,2010,8656
528,2018-19,IND,24,0.583,5760,977,2047,753,1451,224,596,2538
529,1975-76,KCK,82,0.378,19755,3341,7379,3341,7379,,,8474
530,1976-77,KCK,82,0.488,19830,3561,7733,3561,7733,,,8828
531,1977-78,KCK,82,0.378,19830,3601,7731,3601,7731,,,8977
532,1978-79,KCK*,82,0.585,19855,3764,7644,3764,7644,,,9274
533,1979-80,KCK*,82,0.573,19805,3582,7489,3557,7375,25,114,8860
534,1980-81,KCK*,82,0.488,19830,3572,7151,3523,6983,49,168,8769
535,1981-82,KCK,82,0.366,19880,3604,7284,3578,7154,26,130,8785
536,1982-83,KCK,82,0.549,19780,3719,7485,3668,7270,51,215,9328
537,1983-84,KCK*,82,0.463,19755,3516,7230,3464,7041,52,189,9023
538,1984-85,KCK,82,0.378,19755,3664,7275,3601,7037,63,238,9413
539,1972-73,KCO,82,0.439,19780,3621,7581,3621,7581,,,8822
540,1973-74,KCO,82,0.402,19705,3369,7342,3369,7342,,,8366
541,1974-75,KCO*,82,0.537,19730,3257,7258,3257,7258,,,8311
542,1984-85,LAC,82,0.378,19730,3527,7119,3471,6931,56,188,8784
543,1985-86,LAC,82,0.39,19755,3388,7165,3324,6936,64,229,8907
544,1986-87,LAC,82,0.146,19780,3311,7332,3233,6984,78,348,8566
545,1987-88,LAC,82,0.207,19805,3190,7194,3111,6877,79,317,8103
546,1988-89,LAC,82,0.256,19855,3526,7428,3472,7194,54,234,8712
547,1989-90,LAC,82,0.366,19805,3319,6853,3263,6623,56,230,8509
548,1990-91,LAC,82,0.378,19805,3391,7315,3278,6881,113,434,8491
549,1991-92,LAC*,82,0.549,19830,3347,7076,3202,6574,145,502,8440
550,1992-93,LAC*,82,0.5,19805,3544,7329,3411,6838,133,491,8783
551,1993-94,LAC,82,0.329,19780,3343,7163,3091,6332,252,831,8447
552,1994-95,LAC,82,0.207,19880,3060,6888,2729,5837,331,1051,7927
553,1995-96,LAC,82,0.354,19730,3126,6618,2617,5244,509,1374,8153
554,1996-97,LAC*,82,0.439,19930,2989,6696,2515,5357,474,1339,7969
555,1997-98,LAC,82,0.207,19780,2930,6690,2405,5222,525,1468,7865
556,1998-99,LAC,50,0.18,12125,1711,4007,1497,3339,214,668,4519
557,1999-00,LAC,82,0.183,19705,2877,6757,2448,5490,429,1267,7546
558,2000-01,LAC,82,0.378,20030,2896,6467,2536,5404,360,1063,7581
559,2001-02,LAC,82,0.476,19805,2970,6668,2562,5521,408,1147,7846
560,2002-03,LAC,82,0.329,19755,2835,6490,2445,5312,390,1178,7693
561,2003-04,LAC,82,0.341,19805,2817,6579,2488,5555,329,1024,7771
562,2004-05,LAC,82,0.451,20030,2924,6368,2693,5699,231,669,7849
563,2005-06,LAC*,82,0.573,19805,2993,6443,2703,5600,290,843,7970
564,2006-07,LAC,82,0.488,19730,2880,6318,2566,5415,314,903,7843
565,2007-08,LAC,82,0.28,19805,2820,6445,2470,5366,350,1079,7692
566,2008-09,LAC,82,0.232,19880,2955,6696,2420,5183,535,1513,7799
567,2009-10,LAC,82,0.354,19705,3002,6601,2519,5144,483,1457,7849
568,2010-11,LAC,82,0.39,19855,3015,6594,2502,5075,513,1519,8089
569,2011-12,LAC*,66,0.606,15965,2439,5366,1925,3925,514,1441,6438
570,2012-13,LAC*,82,0.683,19730,3160,6608,2533,4856,627,1752,8289
571,2013-14,LAC*,82,0.695,19755,3208,6761,2515,4795,693,1966,8850
572,2014-15,LAC*,82,0.683,19730,3228,6830,2401,4628,827,2202,8751
573,2015-16,LAC*,82,0.646,19830,3141,6759,2344,4569,797,2190,8569
574,2016-17,LAC*,82,0.622,19755,3242,6820,2401,4575,841,2245,8911
575,2017-18,LAC,82,0.512,19705,3302,7004,2525,4808,777,2196,8937
576,2018-19,LAC,24,0.667,5835,997,2114,769,1516,228,598,2793
577,1968-69,LAL*,82,0.671,19905,3574,7620,3574,7620,,,9204
578,1969-70,LAL*,82,0.561,19830,3668,7952,3668,7952,,,9327
579,1970-71,LAL*,82,0.585,19755,3739,7857,3739,7857,,,9411
580,1971-72,LAL*,82,0.841,19755,3920,7998,3920,7998,,,9920
581,1972-73,LAL*,82,0.732,19755,3740,7819,3740,7819,,,9159
582,1973-74,LAL*,82,0.573,19755,3536,7803,3536,7803,,,8951
583,1974-75,LAL,82,0.366,19855,3409,7577,3409,7577,,,8459
584,1975-76,LAL,82,0.488,19705,3547,7622,3547,7622,,,8764
585,1976-77,LAL*,82,0.646,19805,3663,7657,3663,7657,,,8763
586,1977-78,LAL*,82,0.549,19805,3734,7672,3734,7672,,,9044
587,1978-79,LAL*,82,0.573,19780,3827,7397,3827,7397,,,9260
588,1979-80,LAL*,82,0.732,19880,3898,7368,3878,7268,20,100,9438
589,1980-81,LAL*,82,0.659,19805,3780,7382,3763,7288,17,94,9117
590,1981-82,LAL*,82,0.695,19855,3919,7585,3906,7491,13,94,9400
591,1982-83,LAL*,82,0.707,19730,3964,7512,3954,7416,10,96,9433
592,1983-84,LAL*,82,0.659,19780,3854,7250,3796,7024,58,226,9478
593,1984-85,LAL*,82,0.756,19755,3952,7254,3862,6959,90,295,9696
594,1985-86,LAL*,82,0.756,19830,3834,7343,3696,6934,138,409,9618
595,1986-87,LAL*,82,0.793,19730,3740,7245,3576,6798,164,447,9656
596,1987-88,LAL*,82,0.756,19805,3576,7078,3434,6600,142,478,9250
597,1988-89,LAL*,82,0.695,19805,3584,7143,3357,6476,227,667,9406
598,1989-90,LAL*,82,0.768,19855,3434,7010,3125,6169,309,841,9079
599,1990-91,LAL*,82,0.707,19830,3343,6911,3117,6167,226,744,8717
600,1991-92,LAL*,82,0.524,19830,3183,6977,3064,6532,119,445,8229
601,1992-93,LAL*,82,0.476,19830,3309,6994,3122,6368,187,626,8546
602,1993-94,LAL,82,0.402,19755,3291,7316,3050,6513,241,803,8233
603,1994-95,LAL*,82,0.585,19905,3284,7088,2759,5596,525,1492,8616
604,1995-96,LAL*,82,0.646,19680,3216,6706,2739,5347,477,1359,8438
605,1996-97,LAL*,82,0.683,19930,3018,6642,2467,5142,551,1500,8200
606,1997-98,LAL*,82,0.744,19830,3146,6536,2649,5121,497,1415,8652
607,1998-99,LAL*,50,0.62,12050,1841,3935,1600,3250,241,685,4950
608,1999-00,LAL*,82,0.817,19805,3137,6836,2793,5789,344,1047,8267
609,2000-01,LAL*,82,0.683,19905,3109,6685,2670,5410,439,1275,8251
610,2001-02,LAL*,82,0.707,19780,3150,6840,2640,5401,510,1439,8304
611,2002-03,LAL*,82,0.61,19930,3091,6856,2605,5489,486,1367,8230
612,2003-04,LAL*,82,0.683,19855,3028,6676,2663,5561,365,1115,8052
613,2004-05,LAL,82,0.415,19780,2895,6629,2251,4816,644,1813,8095
614,2005-06,LAL*,82,0.549,19855,2992,6607,2440,5024,552,1583,8154
615,2006-07,LAL*,82,0.512,20030,3103,6664,2495,4940,608,1724,8474
616,2007-08,LAL*,82,0.695,19780,3248,6818,2586,5067,662,1751,8904
617,2008-09,LAL*,82,0.793,19780,3307,6981,2760,5465,547,1516,8768
618,2009-10,LAL*,82,0.695,19830,3144,6875,2612,5313,532,1562,8339
619,2010-11,LAL*,82,0.695,19830,3128,6757,2604,5270,524,1487,8321
620,2011-12,LAL*,66,0.621,16065,2429,5319,2067,4207,362,1112,6422
621,2012-13,LAL*,82,0.549,19755,3041,6640,2326,4625,715,2015,8381
622,2013-14,LAL,82,0.329,19705,3139,6980,2365,4948,774,2032,8442
623,2014-15,LAL,82,0.256,19930,3054,7020,2522,5474,532,1546,8073
624,2015-16,LAL,82,0.207,19730,2880,6956,2241,4940,639,2016,7982
625,2016-17,LAL,82,0.317,19705,3224,7164,2494,5054,730,2110,8575
626,2017-18,LAL,82,0.427,19905,3338,7248,2516,4864,822,2384,8862
627,2018-19,LAL,24,0.625,5785,1035,2172,788,1458,247,714,2714
628,2001-02,MEM,82,0.28,19780,2851,6535,2515,5439,336,1096,7372
629,2002-03,MEM,82,0.341,19930,3049,6743,2582,5464,467,1279,7995
630,2003-04,MEM*,82,0.61,19880,2963,6657,2516,5343,447,1314,7930
631,2004-05,MEM*,82,0.549,19705,2802,6271,2271,4785,531,1486,7661
632,2005-06,MEM*,82,0.598,19855,2746,6125,2156,4547,590,1578,7558
633,2006-07,MEM,82,0.268,19980,2998,6448,2498,5086,500,1362,8331
634,2007-08,MEM,82,0.268,19805,3060,6737,2440,4958,620,1779,8257
635,2008-09,MEM,82,0.293,19805,2865,6311,2467,5205,398,1106,7698
636,2009-10,MEM,82,0.488,19905,3223,6875,2879,5855,344,1020,8404
637,2010-11,MEM*,82,0.561,19880,3200,6801,2891,5875,309,926,8195
638,2011-12,MEM*,66,0.621,15940,2425,5422,2148,4573,277,849,6269
639,2012-13,MEM*,82,0.683,19805,2964,6679,2582,5572,382,1107,7659
640,2013-14,MEM*,82,0.61,19805,3122,6723,2717,5576,405,1147,7884
641,2014-15,MEM*,82,0.671,19905,3097,6763,2674,5517,423,1246,8062
642,2015-16,MEM*,82,0.512,19830,3019,6859,2515,5338,504,1521,8126
643,2016-17,MEM*,82,0.524,19905,2984,6854,2217,4685,767,2169,8239
644,2017-18,MEM,82,0.268,19705,3013,6788,2255,4636,758,2152,8145
645,2018-19,MEM,23,0.609,5620,875,1920,642,1279,233,641,2393
646,1988-89,MIA,82,0.183,19855,3221,7116,3124,6818,97,298,8016
647,1989-90,MIA,82,0.22,19730,3383,7345,3295,7045,88,300,8247
648,1990-91,MIA,82,0.293,19780,3280,7139,3140,6675,140,464,8349
649,1991-92,MIA*,82,0.463,19830,3256,7061,2999,6310,257,751,8608
650,1992-93,MIA,82,0.439,20005,3127,6850,2794,5910,333,940,8495
651,1993-94,MIA*,82,0.512,19805,3197,6896,2860,5899,337,997,8475
652,1994-95,MIA,82,0.39,19805,3144,6738,2708,5556,436,1182,8293
653,1995-96,MIA*,82,0.512,19780,2902,6348,2350,4890,552,1458,7909
654,1996-97,MIA*,82,0.744,19805,2822,6235,2144,4370,678,1865,7776
655,1997-98,MIA*,82,0.671,19755,2850,6327,2302,4783,548,1544,7787
656,1998-99,MIA*,50,0.66,12025,1616,3565,1327,2761,289,804,4449
657,1999-00,MIA*,82,0.634,19830,2974,6462,2528,5260,446,1202,7739
658,2000-01,MIA*,82,0.61,19880,2694,6258,2216,4874,478,1384,7289
659,2001-02,MIA,82,0.439,19930,2801,6382,2489,5483,312,899,7150
660,2002-03,MIA,82,0.305,19830,2688,6517,2340,5417,348,1100,7016
661,2003-04,MIA*,82,0.512,19755,2729,6417,2244,5060,485,1357,7402
662,2004-05,MIA*,82,0.72,19980,3097,6368,2622,5108,475,1260,8327
663,2005-06,MIA*,82,0.634,19755,3039,6355,2542,4914,497,1441,8191
664,2006-07,MIA*,82,0.537,19855,2919,6288,2391,4749,528,1539,7759
665,2007-08,MIA,82,0.183,19830,2808,6336,2317,4963,491,1373,7491
666,2008-09,MIA*,82,0.524,19955,3034,6646,2452,5015,582,1631,8061
667,2009-10,MIA*,82,0.573,19880,2984,6518,2490,5092,494,1426,7914
668,2010-11,MIA*,82,0.707,19780,3031,6301,2484,4822,547,1479,8369
669,2011-12,MIA*,66,0.697,16040,2446,5212,2076,4182,370,1030,6500
670,2012-13,MIA*,82,0.805,19880,3148,6348,2431,4539,717,1809,8436
671,2013-14,MIA*,82,0.659,19880,3142,6272,2477,4443,665,1829,8380
672,2014-15,MIA,82,0.451,19730,2885,6330,2329,4671,556,1659,7764
673,2015-16,MIA*,82,0.585,19830,3150,6697,2652,5217,498,1480,8204
674,2016-17,MIA,82,0.5,19780,3202,7037,2394,4824,808,2213,8460
675,2017-18,MIA*,82,0.537,19930,3184,6997,2281,4491,903,2506,8480
676,2018-19,MIA,23,0.391,5545,894,2070,617,1303,277,767,2470
677,1968-69,MIL,82,0.329,19680,3537,8258,3537,8258,,,9040
678,1969-70,MIL*,82,0.683,19780,3923,8041,3923,8041,,,9741
679,1970-71,MIL*,82,0.805,19780,3972,7803,3972,7803,,,9710
680,1971-72,MIL*,82,0.768,19780,3813,7653,3813,7653,,,9400
681,1972-73,MIL*,82,0.732,19755,3759,7808,3759,7808,,,8789
682,1973-74,MIL*,82,0.72,19755,3726,7571,3726,7571,,,8780
683,1974-75,MIL,82,0.463,19805,3450,7367,3450,7367,,,8254
684,1975-76,MIL*,82,0.463,19830,3456,7435,3456,7435,,,8349
685,1976-77,MIL,82,0.366,19705,3668,7840,3668,7840,,,8889
686,1977-78,MIL*,82,0.537,19980,3801,7883,3801,7883,,,9214
687,1978-79,MIL,82,0.463,19880,3906,7773,3906,7773,,,9353
688,1979-80,MIL*,82,0.598,19805,3685,7553,3635,7398,50,155,9025
689,1980-81,MIL*,82,0.732,19755,3722,7472,3692,7341,30,131,9276
690,1981-82,MIL*,82,0.671,19805,3544,7015,3495,6851,49,164,8890
691,1982-83,MIL*,82,0.622,19830,3486,7133,3449,6964,37,169,8740
692,1983-84,MIL*,82,0.61,19905,3432,6970,3373,6738,59,232,8666
693,1984-85,MIL*,82,0.72,19805,3564,7256,3475,6962,89,294,9090
694,1985-86,MIL*,82,0.695,19805,3601,7310,3476,6928,125,382,9390
695,1986-87,MIL*,82,0.61,19780,3457,7282,3272,6710,185,572,9052
696,1987-88,MIL*,82,0.512,19780,3366,7079,3233,6669,133,410,8697
697,1988-89,MIL*,82,0.598,19755,3399,7167,3220,6600,179,567,8932
698,1989-90,MIL*,82,0.537,19830,3380,7146,3171,6476,209,670,8691
699,1990-91,MIL*,82,0.585,19855,3337,6948,3080,6195,257,753,8727
700,1991-92,MIL,82,0.378,19880,3321,7216,2950,6211,371,1005,8609
701,1992-93,MIL,82,0.341,19730,3268,6924,2956,5988,312,936,8392
702,1993-94,MIL,82,0.244,19705,3044,6807,2713,5788,331,1019,7949
703,1994-95,MIL,82,0.415,19855,3022,6586,2528,5237,494,1349,8146
704,1995-96,MIL,82,0.305,19730,3034,6490,2677,5434,357,1056,7837
705,1996-97,MIL,82,0.402,19730,2967,6303,2643,5383,324,920,7818
706,1997-98,MIL,82,0.439,19930,2918,6399,2669,5696,249,703,7748
707,1998-99,MIL*,50,0.56,12050,1753,3818,1522,3199,231,619,4584
708,1999-00,MIL*,82,0.512,19855,3174,6827,2780,5758,394,1069,8300
709,2000-01,MIL*,82,0.634,19780,3112,6798,2550,5317,562,1481,8260
710,2001-02,MIL,82,0.5,19905,3041,6577,2448,4994,593,1583,7996
711,2002-03,MIL*,82,0.512,19905,3045,6670,2460,5144,585,1526,8158
712,2003-04,MIL*,82,0.5,19780,2970,6650,2569,5505,401,1145,8039
713,2004-05,MIL,82,0.366,19780,2964,6580,2639,5655,325,925,7973
714,2005-06,MIL*,82,0.488,19855,2976,6566,2469,5231,507,1335,8020
715,2006-07,MIL,82,0.341,19855,3121,6714,2597,5242,524,1472,8172
716,2007-08,MIL,82,0.317,19855,3026,6745,2574,5432,452,1313,7956
717,2008-09,MIL,82,0.415,19780,3009,6755,2498,5347,511,1408,8142
718,2009-10,MIL*,82,0.561,19980,3050,6998,2405,5185,645,1813,8009
719,2010-11,MIL,82,0.427,19830,2814,6544,2331,5130,483,1414,7534
720,2011-12,MIL,66,0.47,15865,2502,5652,2066,4387,436,1265,6535
721,2012-13,MIL*,82,0.463,19830,3128,7197,2527,5527,601,1670,8108
722,2013-14,MIL,82,0.183,19880,2952,6737,2404,5184,548,1553,7829
723,2014-15,MIL*,82,0.5,19930,3083,6722,2538,5222,545,1500,8023
724,2015-16,MIL,82,0.402,19830,3145,6740,2705,5463,440,1277,8122
725,2016-17,MIL*,82,0.512,19780,3182,6715,2462,4769,720,1946,8497
726,2017-18,MIL*,82,0.537,19830,3257,6807,2539,4783,718,2024,8731
727,2018-19,MIL,23,0.696,5570,1021,2098,685,1165,336,933,2785
728,1989-90,MIN,82,0.268,19855,3067,6876,2994,6582,73,294,7803
729,1990-91,MIN,82,0.354,19905,3265,7276,3157,6895,108,381,8169
730,1991-92,MIN,82,0.183,19805,3366,7342,3240,6948,126,394,8237
731,1992-93,MIN,82,0.232,19855,3043,6529,2877,5960,166,569,8046
732,1993-94,MIN,82,0.244,19730,2985,6535,2802,5978,183,557,7930
733,1994-95,MIN,82,0.256,19780,2792,6219,2474,5203,318,1016,7726
734,1995-96,MIN,82,0.317,19780,2974,6481,2695,5624,279,857,8024
735,1996-97,MIN*,82,0.488,19780,2937,6436,2566,5343,371,1093,7882
736,1997-98,MIN*,82,0.549,19930,3157,6844,2854,5971,303,873,8290
737,1998-99,MIN*,50,0.5,12025,1838,4327,1716,3917,122,410,4647
738,1999-00,MIN*,82,0.61,19905,3226,6910,2978,6194,248,716,8079
739,2000-01,MIN*,82,0.573,19830,3148,6871,2826,5970,322,901,7982
740,2001-02,MIN*,82,0.61,19805,3175,6887,2779,5840,396,1047,8145
741,2002-03,MIN*,82,0.622,19805,3172,6809,2876,6005,296,804,8046
742,2003-04,MIN*,82,0.707,19755,3033,6571,2707,5674,326,897,7753
743,2004-05,MIN,82,0.537,19755,3045,6629,2650,5484,395,1145,7934
744,2005-06,MIN,82,0.402,19855,2888,6340,2578,5398,310,942,7522
745,2006-07,MIN,82,0.39,20005,2997,6503,2613,5414,384,1089,7877
746,2007-08,MIN,82,0.268,19730,3076,6817,2635,5558,441,1259,7839
747,2008-09,MIN,82,0.293,19805,2986,6766,2443,5227,543,1539,8019
748,2009-10,MIN,82,0.183,19780,3106,6923,2703,5742,403,1181,8051
749,2010-11,MIN,82,0.207,19780,3090,7014,2501,5449,589,1565,8288
750,2011-12,MIN,66,0.394,15940,2355,5434,1882,4011,473,1423,6464
751,2012-13,MIN,82,0.378,19730,2943,6702,2493,5227,450,1475,7851
752,2013-14,MIN,82,0.488,19855,3189,7175,2589,5418,600,1757,8768
753,2014-15,MIN,82,0.195,19805,2986,6820,2580,5597,406,1223,8016
754,2015-16,MIN,82,0.354,19880,3095,6668,2640,5321,455,1347,8398
755,2016-17,MIN,82,0.378,19805,3235,6922,2634,5199,601,1723,8657
756,2017-18,MIN*,82,0.573,19805,3365,7063,2707,5218,658,1845,8980
757,2018-19,MIN,25,0.52,6000,1006,2257,735,1521,271,736,2750
758,1977-78,NJN,82,0.293,19905,3547,8004,3547,8004,,,8746
759,1978-79,NJN*,82,0.451,19755,3464,7523,3464,7523,,,8832
760,1979-80,NJN,82,0.415,19805,3456,7504,3371,7206,85,298,8879
761,1980-81,NJN,82,0.293,19805,3477,7314,3443,7176,34,138,8768
762,1981-82,NJN*,82,0.537,19780,3501,7227,3471,7081,30,146,8746
763,1982-83,NJN*,82,0.598,19705,3510,7140,3480,6991,30,149,8672
764,1983-84,NJN*,82,0.549,19805,3614,7258,3565,7026,49,232,9019
765,1984-85,NJN*,82,0.512,19755,3646,7445,3594,7221,52,224,8975
766,1985-86,NJN*,82,0.476,19805,3548,7301,3505,7087,43,214,8949
767,1986-87,NJN,82,0.293,19855,3374,7083,3229,6634,145,449,8893
768,1987-88,NJN,82,0.232,19780,3208,6857,3071,6402,137,455,8235
769,1988-89,NJN,82,0.317,19805,3333,7226,3146,6658,187,568,8506
770,1989-90,NJN,82,0.207,19705,3157,7415,3017,6909,140,506,8208
771,1990-91,NJN,82,0.317,19830,3311,7459,3150,6873,161,586,8441
772,1991-92,NJN*,82,0.488,19780,3473,7580,3249,6910,224,670,8641
773,1992-93,NJN*,82,0.524,19780,3272,7084,3117,6596,155,488,8431
774,1993-94,NJN*,82,0.549,19830,3169,7115,2946,6432,223,683,8461
775,1994-95,NJN,82,0.366,19880,2939,6738,2525,5441,414,1297,8042
776,1995-96,NJN,82,0.366,19905,2881,6750,2631,6004,250,746,7684
777,1996-97,NJN,82,0.317,19780,2994,7091,2510,5720,484,1371,7974
778,1997-98,NJN*,82,0.524,19880,3055,6928,2745,5991,310,937,8170
779,1998-99,NJN,50,0.32,12050,1691,4160,1466,3481,225,679,4569
780,1999-00,NJN,82,0.378,19830,2979,6881,2502,5507,477,1374,8036
781,2000-01,NJN,82,0.317,19730,2781,6550,2420,5466,361,1084,7552
782,2001-02,NJN*,82,0.634,19830,3042,6816,2639,5622,403,1194,7889
783,2002-03,NJN*,82,0.598,19755,2906,6585,2560,5544,346,1041,7820
784,2003-04,NJN*,82,0.573,19705,2813,6372,2436,5249,377,1123,7401
785,2004-05,NJN*,82,0.512,19905,2753,6419,2318,5216,435,1203,7496
786,2005-06,NJN*,82,0.598,19780,2778,6317,2301,4870,477,1447,7691
787,2006-07,NJN*,82,0.5,19880,2913,6379,2304,4703,609,1676,8001
788,2007-08,NJN,82,0.415,19830,2856,6450,2358,5020,498,1430,7857
789,2008-09,NJN,82,0.415,19830,2925,6536,2273,4801,652,1735,8044
790,2009-10,NJN,82,0.146,19780,2813,6554,2436,5369,377,1185,7575
791,2010-11,NJN,82,0.293,20005,2918,6638,2459,5301,459,1337,7722
792,2011-12,NJN,66,0.333,15890,2262,5320,1755,3839,507,1481,6144
793,2002-03,NOH*,82,0.573,19905,2914,6695,2510,5620,404,1075,7699
794,2003-04,NOH*,82,0.5,19830,2772,6605,2241,4939,531,1666,7529
795,2004-05,NOH,82,0.22,19930,2718,6556,2303,5240,415,1316,7252
796,2007-08,NOH*,82,0.683,19805,3164,6796,2534,5175,630,1621,8270
797,2008-09,NOH*,82,0.598,19755,2911,6366,2355,4840,556,1526,7857
798,2009-10,NOH,82,0.451,19830,3178,6842,2607,5270,571,1572,8220
799,2010-11,NOH*,82,0.561,19830,2944,6416,2500,5184,444,1232,7784
800,2011-12,NOH,66,0.318,15940,2300,5103,2041,4326,259,777,5916
801,2011-12,NOH,66,0.318,15940,2300,5103,2041,4326,259,777,5916
802,1974-75,NOJ,82,0.28,19730,3301,7509,3301,7509,,,8319
803,1976-77,NOJ,82,0.427,19780,3443,7602,3443,7602,,,8574
804,1978-79,NOJ,82,0.317,19705,3517,7511,3517,7511,,,8882
805,1975-76,NOJ,82,0.463,19880,3352,7491,3352,7491,,,8535
806,1977-78,NOJ,82,0.476,19780,3568,7717,3568,7717,,,8826
807,2014-15,NOP*,82,0.549,19780,3108,6795,2522,5212,586,1583,8147
808,2016-17,NOP,82,0.415,19905,3210,7130,2442,4934,768,2196,8556
809,2018-19,NOP,26,0.5,6240,1147,2382,881,1632,266,750,3085
810,2013-14,NOP,82,0.415,19855,3101,6761,2615,5458,486,1303,8177
811,2015-16,NOP,82,0.366,19780,3153,7040,2451,5089,702,1951,8423
812,2017-18,NOP*,82,0.585,19955,3500,7241,2663,4929,837,2312,9161
813,2006-07,NOK,82,0.476,19880,2971,6674,2516,5418,455,1256,7833
814,2005-06,NOK,82,0.463,19805,2831,6428,2531,5543,300,885,7611
815,1983-84,NYK*,82,0.573,19855,3386,6837,3339,6672,47,165,8763
816,1985-86,NYK,82,0.28,19805,3239,7034,3157,6795,82,239,8094
817,1987-88,NYK*,82,0.463,19805,3363,7232,3184,6665,179,567,8655
818,1989-90,NYK*,82,0.549,19830,3434,7089,3198,6379,236,710,8879
819,1991-92,NYK*,82,0.622,19855,3312,6947,3111,6329,201,618,8328
820,1993-94,NYK*,82,0.695,19755,3098,6735,2782,5827,316,908,8076
821,1995-96,NYK*,82,0.573,19830,3003,6382,2518,5097,485,1285,7971
822,1997-98,NYK*,82,0.524,19830,2864,6413,2482,5274,382,1139,7509
823,1999-00,NYK*,82,0.61,19830,2897,6374,2546,5437,351,937,7555
824,2001-02,NYK,82,0.366,19805,2817,6520,2343,5176,474,1344,7514
825,2003-04,NYK*,82,0.476,19880,2881,6513,2475,5398,406,1115,7542
826,2005-06,NYK,82,0.28,19930,2822,6206,2502,5322,320,884,7842
827,2007-08,NYK,82,0.28,19880,2967,6757,2477,5303,490,1454,7948
828,2009-10,NYK,82,0.354,19880,3127,6876,2384,4731,743,2145,8373
829,2011-12,NYK*,66,0.545,15940,2365,5335,1848,3797,517,1538,6458
830,2013-14,NYK,82,0.451,19855,3027,6739,2268,4701,759,2038,8084
831,2015-16,NYK,82,0.39,19805,3022,6886,2412,5124,610,1762,8065
832,2017-18,NYK,82,0.354,19830,3334,7193,2661,5279,673,1914,8566
833,1969-70,NYK*,82,0.732,19730,3803,7975,3803,7975,,,9427
834,1971-72,NYK*,82,0.585,19805,3521,7673,3521,7673,,,8785
835,1973-74,NYK*,82,0.598,19780,3478,7483,3478,7483,,,8306
836,1975-76,NYK,82,0.463,19805,3443,7555,3443,7555,,,8418
837,1977-78,NYK*,82,0.524,20005,3815,7822,3815,7822,,,9300
838,1979-80,NYK,82,0.476,19780,3802,7672,3760,7481,42,191,9344
839,1981-82,NYK,82,0.402,19830,3523,7178,3465,6964,58,214,8707
840,1984-85,NYK,82,0.293,19830,3435,7101,3384,6903,51,198,8627
841,1986-87,NYK,82,0.293,19780,3329,7023,3204,6648,125,375,8508
842,1988-89,NYK*,82,0.634,19805,3701,7611,3315,6464,386,1147,9567
843,1990-91,NYK*,82,0.476,19955,3308,6822,3123,6264,185,558,8455
844,1992-93,NYK*,82,0.732,19930,3209,6898,3016,6294,193,604,8328
845,1994-95,NYK*,82,0.671,19780,2985,6394,2453,4948,532,1446,8054
846,1996-97,NYK*,82,0.695,19855,2882,6227,2412,4933,470,1294,7819
847,1998-99,NYK*,50,0.54,12100,1610,3704,1402,3115,208,589,4320
848,2000-01,NYK*,82,0.585,19905,2755,6198,2364,5083,391,1115,7275
849,2002-03,NYK,82,0.451,19855,2967,6725,2361,5143,606,1582,7860
850,2004-05,NYK,82,0.402,19880,2978,6599,2537,5359,441,1240,7977
851,2006-07,NYK,82,0.402,20005,2903,6356,2429,4986,474,1370,7994
852,2008-09,NYK,82,0.39,19805,3157,7091,2334,4807,823,2284,8627
853,2010-11,NYK*,82,0.512,19780,3140,6867,2375,4786,765,2081,8734
854,2012-13,NYK*,82,0.659,19730,2996,6689,2105,4318,891,2371,8196
855,2014-15,NYK,82,0.207,19855,2882,6726,2322,5112,560,1614,7535
856,2016-17,NYK,82,0.378,19855,3244,7256,2540,5234,704,2022,8556
857,2018-19,NYK,25,0.32,6075,995,2274,744,1544,251,730,2723
858,1968-69,NYK*,82,0.659,19730,3588,7813,3588,7813,,,9087
859,1970-71,NYK*,82,0.634,19755,3633,8076,3633,8076,,,9026
860,1972-73,NYK*,82,0.695,19730,3627,7764,3627,7764,,,8610
861,1974-75,NYK*,82,0.488,19730,3359,7464,3359,7464,,,8236
862,1976-77,NYK,82,0.488,19755,3659,7530,3659,7530,,,8905
863,1978-79,NYK,82,0.378,19780,3676,7554,3676,7554,,,8830
864,1980-81,NYK*,82,0.61,19830,3505,7255,3449,7019,56,236,8849
865,1982-83,NYK*,82,0.537,19805,3272,6793,3239,6662,33,131,8198
866,1976-77,NYN,82,0.268,19730,3096,7222,3096,7222,,,7865
867,2008-09,OKC,82,0.28,19805,2999,6716,2671,5767,328,949,7952
868,2010-11,OKC*,82,0.671,20005,3066,6609,2579,5206,487,1403,8596
869,2012-13,OKC*,82,0.732,19830,3126,6504,2528,4916,598,1588,8669
870,2014-15,OKC,82,0.549,19830,3184,7119,2552,5255,632,1864,8524
871,2016-17,OKC*,82,0.573,19805,3237,7169,2545,5053,692,2116,8741
872,2018-19,OKC,23,0.696,5520,964,2140,732,1405,232,735,2555
873,2009-10,OKC*,82,0.61,19805,3063,6629,2645,5400,418,1229,8322
874,2011-12,OKC*,66,0.712,15990,2462,5229,1990,3912,472,1317,6802
875,2013-14,OKC*,82,0.72,19805,3194,6782,2530,4943,664,1839,8705
876,2015-16,OKC*,82,0.671,19830,3372,7082,2694,5137,678,1945,9038
877,2017-18,OKC*,82,0.585,19830,3271,7221,2390,4730,881,2491,8844
878,2004-05,ORL,82,0.439,19705,3034,6679,2714,5763,320,916,8160
879,2006-07,ORL*,82,0.488,19780,2875,6090,2533,5128,342,962,7771
880,2008-09,ORL*,82,0.72,19730,2929,6416,2112,4269,817,2147,8286
881,2010-11,ORL*,82,0.634,19830,2956,6411,2186,4308,770,2103,8135
882,2012-13,ORL,82,0.244,19780,3093,6904,2587,5367,506,1537,7718
883,2014-15,ORL,82,0.305,19755,3076,6792,2522,5194,554,1598,7847
884,2016-17,ORL,82,0.354,19805,3139,7133,2438,4994,701,2139,8288
885,2018-19,ORL,25,0.48,6025,1012,2224,726,1426,286,798,2657
886,1990-91,ORL,82,0.378,19780,3298,7256,3028,6502,270,754,8684
887,1992-93,ORL,82,0.5,19880,3257,6708,2940,5819,317,889,8652
888,1994-95,ORL*,82,0.695,19930,3460,6899,2937,5487,523,1412,9091
889,1996-97,ORL*,82,0.549,19855,2839,6497,2272,4835,567,1662,7719
890,1998-99,ORL*,50,0.66,12050,1687,3943,1464,3268,223,675,4473
891,2000-01,ORL*,82,0.524,19955,3013,6873,2523,5527,490,1346,7992
892,2002-03,ORL*,82,0.512,19805,2947,6763,2379,5173,568,1590,8078
893,2005-06,ORL,82,0.439,19905,2911,6167,2612,5371,299,796,7784
894,2007-08,ORL*,82,0.634,19780,3058,6446,2257,4372,801,2074,8567
895,2009-10,ORL*,82,0.72,19730,3005,6394,2164,4153,841,2241,8426
896,2011-12,ORL*,66,0.561,15965,2275,5162,1605,3377,670,1785,6215
897,2013-14,ORL,82,0.28,19955,3022,6784,2459,5188,563,1596,7914
898,2015-16,ORL,82,0.427,19905,3242,7120,2606,5302,636,1818,8369
899,2017-18,ORL,82,0.305,19730,3182,7042,2338,4637,844,2405,8479
900,1989-90,ORL,82,0.22,19805,3457,7525,3341,7132,116,393,9090
901,1991-92,ORL,82,0.256,19705,3220,7102,3023,6494,197,608,8330
902,1993-94,ORL*,82,0.61,19730,3341,6883,2947,5746,394,1137,8666
903,1995-96,ORL*,82,0.732,19855,3203,6640,2581,4995,622,1645,8571
904,1997-98,ORL,82,0.5,19830,2771,6455,2478,5548,293,907,7387
905,1999-00,ORL,82,0.5,19755,3169,7014,2875,6144,294,870,8206
906,2001-02,ORL*,82,0.537,19830,3087,6893,2467,5233,620,1660,8240
907,2003-04,ORL,82,0.256,19830,2904,6768,2475,5520,429,1248,7711
908,1969-70,PHI*,82,0.512,19755,3915,8345,3915,8345,,,9998
909,1971-72,PHI,82,0.366,19780,3577,8057,3577,8057,,,9203
910,1973-74,PHI,82,0.305,19730,3331,7702,3331,7702,,,8295
911,1975-76,PHI*,82,0.561,19855,3462,7752,3462,7752,,,8735
912,1977-78,PHI*,82,0.671,19830,3628,7471,3628,7471,,,9409
913,1979-80,PHI*,82,0.72,19855,3523,7156,3496,7031,27,125,8949
914,1981-82,PHI*,82,0.707,19855,3616,6974,3575,6835,41,139,9119
915,1983-84,PHI*,82,0.634,19955,3384,6833,3355,6726,29,107,8838
916,1985-86,PHI*,82,0.659,19905,3435,7058,3384,6834,51,224,9051
917,1987-88,PHI,82,0.439,19905,3214,6785,3062,6314,152,471,8667
918,1989-90,PHI*,82,0.646,19805,3437,7028,3248,6485,189,543,9039
919,1991-92,PHI,82,0.427,19755,3187,6761,2960,6081,227,680,8358
920,1993-94,PHI,82,0.305,19805,3103,6819,2785,5877,318,942,8033
921,1995-96,PHI,82,0.22,19730,2796,6418,2304,4980,492,1438,7746
922,1997-98,PHI,82,0.378,19755,2837,6409,2594,5599,243,810,7651
923,1999-00,PHI*,82,0.598,19830,2993,6776,2785,6133,208,643,7771
924,2001-02,PHI*,82,0.524,19730,2804,6436,2590,5721,214,715,7461
925,2003-04,PHI,82,0.402,19855,2682,6260,2343,5268,339,992,7215
926,2005-06,PHI,82,0.463,19905,3001,6546,2626,5515,375,1031,8147
927,2007-08,PHI*,82,0.488,19755,3056,6648,2754,5696,302,952,7923
928,2009-10,PHI,82,0.329,19805,3087,6706,2613,5325,474,1381,8014
929,2011-12,PHI*,66,0.53,15915,2471,5516,2122,4553,349,963,6180
930,2013-14,PHI,82,0.232,19855,3108,7150,2531,5303,577,1847,8155
931,2015-16,PHI,82,0.122,19805,2970,6887,2206,4632,764,2255,7988
932,2017-18,PHI*,82,0.634,19780,3349,7098,2448,4653,901,2445,9004
933,1968-69,PHI*,82,0.671,19805,3754,8274,3754,8274,,,9746
934,1970-71,PHI*,82,0.573,19755,3608,8026,3608,8026,,,9415
935,1972-73,PHI,82,0.11,19730,3471,8264,3471,8264,,,8540
936,1974-75,PHI,82,0.415,19805,3325,7476,3325,7476,,,8180
937,1976-77,PHI*,82,0.61,19780,3511,7322,3511,7322,,,9034
938,1978-79,PHI*,82,0.573,19805,3584,7338,3584,7338,,,8983
939,1980-81,PHI*,82,0.756,19855,3636,7073,3617,6989,19,84,9156
940,1982-83,PHI*,82,0.793,19830,3600,7212,3575,7103,25,109,9191
941,1984-85,PHI*,82,0.707,19805,3443,6992,3384,6768,59,224,9261
942,1986-87,PHI*,82,0.549,19880,3335,6792,3247,6452,88,340,8729
943,1988-89,PHI*,82,0.561,19780,3500,7201,3296,6555,204,646,9174
944,1990-91,PHI*,82,0.537,20080,3289,6925,3094,6307,195,618,8641
945,1992-93,PHI,82,0.317,19930,3225,7075,2895,6134,330,941,8556
946,1994-95,PHI,82,0.293,19805,2949,6577,2594,5641,355,936,7820
947,1996-97,PHI,82,0.268,19780,3003,6850,2570,5494,433,1356,8215
948,1998-99,PHI*,50,0.56,12150,1656,3883,1558,3512,98,371,4483
949,2000-01,PHI*,82,0.683,19855,2902,6487,2640,5684,262,803,7763
950,2002-03,PHI*,82,0.585,19855,2975,6640,2730,5853,245,787,7941
951,2004-05,PHI*,82,0.524,19855,2946,6736,2441,5283,505,1453,8128
952,2006-07,PHI,82,0.427,19880,2932,6408,2648,5585,284,823,7785
953,2008-09,PHI*,82,0.5,19755,2997,6532,2656,5460,341,1072,7987
954,2010-11,PHI*,82,0.5,19930,3125,6776,2682,5528,443,1248,8119
955,2012-13,PHI,82,0.415,19755,3059,6895,2541,5457,518,1438,7640
956,2014-15,PHI,82,0.22,19805,2765,6777,2073,4617,692,2160,7542
957,2016-17,PHI,82,0.341,19830,3088,6992,2257,4549,831,2443,8400
958,2018-19,PHI,26,0.654,6340,1047,2268,760,1449,287,819,2956
959,2004-05,PHO*,82,0.756,19780,3351,7018,2555,4992,796,2026,9054
960,2006-07,PHO*,82,0.744,19905,3388,6855,2603,4890,785,1965,9037
961,2008-09,PHO,82,0.561,19755,3373,6695,2820,5250,553,1445,8974
962,2010-11,PHO,82,0.488,20005,3219,6844,2518,4987,701,1857,8611
963,2012-13,PHO,82,0.305,19805,3061,6917,2581,5462,480,1455,7805
964,2014-15,PHO,82,0.476,19880,3178,7038,2480,4990,698,2048,8397
965,2016-17,PHO,82,0.293,19830,3270,7260,2655,5406,615,1854,8831
966,2018-19,PHO,24,0.167,5785,933,2046,685,1306,248,740,2473
967,1968-69,PHO,82,0.195,19805,3541,8242,3541,8242,,,9162
968,1970-71,PHO,82,0.585,19780,3503,8021,3503,8021,,,9333
969,1972-73,PHO,82,0.463,19755,3612,7942,3612,7942,,,9155
970,1974-75,PHO,82,0.39,19805,3381,7561,3381,7561,,,8297
971,1976-77,PHO,82,0.415,19730,3406,7249,3406,7249,,,8603
972,1978-79,PHO*,82,0.61,19780,3847,7516,3847,7516,,,9459
973,1980-81,PHO*,82,0.695,19755,3587,7326,3552,7165,35,161,9019
974,1982-83,PHO*,82,0.646,19730,3555,7158,3515,7000,40,158,8776
975,1984-85,PHO*,82,0.439,19805,3507,7144,3420,6837,87,307,8858
976,1986-87,PHO,82,0.439,19855,3575,7190,3514,6938,61,252,9111
977,1988-89,PHO*,82,0.671,19755,3754,7545,3586,7064,168,481,9727
978,1990-91,PHO*,82,0.671,19730,3573,7199,3435,6767,138,432,9348
979,1992-93,PHO*,82,0.756,19730,3494,7093,3096,5998,398,1095,9298
980,1994-95,PHO*,82,0.72,19830,3356,6967,2772,5383,584,1584,9073
981,1996-97,PHO*,82,0.488,19855,3143,6705,2616,5277,527,1428,8431
982,1998-99,PHO*,50,0.54,12050,1797,4004,1536,3302,261,702,4779
983,2000-01,PHO*,82,0.622,19805,2944,6757,2612,5703,332,1054,7710
984,2002-03,PHO*,82,0.537,19805,3005,6776,2611,5627,394,1149,7834
985,2005-06,PHO*,82,0.659,19955,3430,7167,2593,5070,837,2097,8886
986,2007-08,PHO*,82,0.671,19780,3392,6782,2698,5018,694,1764,9026
987,2009-10,PHO*,82,0.659,19730,3339,6788,2609,5018,730,1770,9039
988,2011-12,PHO,66,0.5,15840,2495,5445,2051,4150,444,1295,6492
989,2013-14,PHO,82,0.585,19755,3172,6845,2407,4790,765,2055,8629
990,2015-16,PHO,82,0.28,19705,3051,7018,2313,4900,738,2118,8271
991,2017-18,PHO,82,0.256,19705,3153,7141,2390,4855,763,2286,8522
992,1969-70,PHO*,82,0.476,19805,3676,7856,3676,7856,,,9786
993,1971-72,PHO,82,0.598,19880,3599,7877,3599,7877,,,9534
994,1973-74,PHO,82,0.366,19755,3555,7726,3555,7726,,,8847
995,1975-76,PHO*,82,0.512,19880,3420,7251,3420,7251,,,8620
996,1977-78,PHO*,82,0.598,19780,3731,7836,3731,7836,,,9211
997,1979-80,PHO*,82,0.671,19755,3570,7235,3502,6955,68,280,9114
998,1981-82,PHO*,82,0.561,19830,3508,7140,3454,6966,54,174,8705
999,1983-84,PHO*,82,0.5,19780,3677,7220,3603,6929,74,291,9101
1000,1985-86,PHO,82,0.39,19805,3518,6993,3480,6810,38,183,9023
1001,1987-88,PHO,82,0.341,19730,3551,7302,3433,6945,118,357,8901
1002,1989-90,PHO*,82,0.659,19855,3544,7139,3368,6596,176,543,9423
1003,1991-92,PHO*,82,0.646,19805,3553,7219,3326,6623,227,596,9194
1004,1993-94,PHO*,82,0.683,19705,3429,7080,3085,6038,344,1042,8876
1005,1995-96,PHO*,82,0.5,19955,3159,6673,2832,5689,327,984,8552
1006,1997-98,PHO*,82,0.683,19955,3138,6710,2707,5499,431,1211,8166
1007,1999-00,PHO*,82,0.646,19805,3093,6771,2635,5525,458,1246,8111
1008,2001-02,PHO,82,0.439,19830,3097,6934,2739,5838,358,1096,7802
1009,2003-04,PHO,82,0.354,19730,2958,6671,2543,5469,415,1202,7723
1010,1971-72,POR,82,0.22,19805,3462,7840,3462,7840,,,8759
1011,1973-74,POR,82,0.329,19730,3585,7684,3585,7684,,,8761
1012,1975-76,POR,82,0.451,19730,3417,7292,3417,7292,,,8533
1013,1977-78,POR*,82,0.707,19730,3556,7367,3556,7367,,,8829
1014,1979-80,POR*,82,0.463,19780,3408,7167,3382,7035,26,132,8402
1015,1981-82,POR,82,0.512,19780,3629,7187,3600,7047,29,140,9006
1016,1983-84,POR*,82,0.585,19805,3632,7189,3607,7060,25,129,9277
1017,1985-86,POR*,82,0.488,19855,3610,7281,3536,7006,74,275,9436
1018,1987-88,POR*,82,0.646,19730,3661,7460,3544,7080,117,380,9518
1019,1989-90,POR*,82,0.72,19880,3572,7547,3382,6982,190,565,9365
1020,1991-92,POR*,82,0.695,19880,3476,7352,3151,6408,325,944,9135
1021,1993-94,POR*,82,0.573,19755,3371,7427,3099,6657,272,770,8795
1022,1995-96,POR*,82,0.537,19905,3064,6688,2584,5330,480,1358,8145
1023,1997-98,POR*,82,0.561,19830,2885,6397,2561,5350,324,1047,7734
1024,1999-00,POR*,82,0.72,19780,3021,6430,2614,5302,407,1128,7991
1025,2001-02,POR*,82,0.598,19830,3004,6671,2538,5353,466,1318,7925
1026,2003-04,POR,82,0.5,19980,2898,6467,2517,5365,381,1102,7440
1027,2005-06,POR,82,0.256,19730,2791,6267,2427,5225,364,1042,7285
1028,2007-08,POR,82,0.5,19905,2935,6546,2397,5120,538,1426,7820
1029,2009-10,POR*,82,0.61,19855,2974,6453,2483,5065,491,1388,8045
1030,2011-12,POR,66,0.424,15965,2402,5417,1924,4035,478,1382,6415
1031,2013-14,POR*,82,0.659,19855,3207,7134,2437,5063,770,2071,8753
1032,2015-16,POR*,82,0.537,19805,3167,7040,2303,4704,864,2336,8622
1033,2017-18,POR*,82,0.598,19755,3222,7132,2377,4824,845,2308,8661
1034,1970-71,POR,82,0.354,19755,3721,8562,3721,8562,,,9467
1035,1972-73,POR,82,0.256,19730,3588,7842,3588,7842,,,8707
1036,1974-75,POR,82,0.463,19880,3414,7113,3414,7113,,,8508
1037,1976-77,POR*,82,0.598,19730,3623,7537,3623,7537,,,9163
1038,1978-79,POR*,82,0.549,19780,3541,7338,3541,7338,,,8888
1039,1980-81,POR*,82,0.549,19855,3741,7535,3716,7387,25,148,9080
1040,1982-83,POR*,82,0.561,19755,3459,7124,3424,6974,35,150,8808
1041,1984-85,POR*,82,0.512,19880,3708,7374,3657,7172,51,202,9469
1042,1986-87,POR*,82,0.598,19805,3650,7249,3552,6910,98,339,9667
1043,1988-89,POR*,82,0.476,19830,3695,7795,3479,7150,216,645,9395
1044,1990-91,POR*,82,0.768,19905,3577,7369,3236,6465,341,904,9407
1045,1992-93,POR*,82,0.622,19905,3361,7343,3086,6500,275,843,8898
1046,1994-95,POR*,82,0.537,19705,3217,7134,2755,5868,462,1266,8451
1047,1996-97,POR*,82,0.598,19855,3000,6465,2499,5064,501,1401,8114
1048,1998-99,POR*,50,0.7,12175,1747,3956,1501,3281,246,675,4742
1049,2000-01,POR*,82,0.61,19780,3004,6417,2635,5360,369,1057,7824
1050,2002-03,POR*,82,0.61,19855,2987,6491,2608,5341,379,1150,7803
1051,2004-05,POR,82,0.329,19730,2896,6422,2476,5261,420,1161,7621
1052,2006-07,POR,82,0.39,19955,2874,6392,2448,5160,426,1232,7717
1053,2008-09,POR*,82,0.659,19830,3018,6494,2422,4939,596,1555,8153
1054,2010-11,POR*,82,0.585,19805,2951,6599,2433,5096,518,1503,7896
1055,2012-13,POR,82,0.402,19855,3009,6715,2336,4811,673,1904,7995
1056,2014-15,POR*,82,0.622,19855,3175,7049,2368,4818,807,2231,8429
1057,2016-17,POR*,82,0.5,19930,3243,7059,2391,4787,852,2272,8851
1058,2018-19,POR,24,0.542,5785,987,2161,716,1400,271,761,2700
1059,2008-09,SAC,82,0.207,19905,2990,6685,2404,5091,586,1594,8248
1060,2010-11,SAC,82,0.293,19855,3134,6979,2706,5702,428,1277,8151
1061,2012-13,SAC,82,0.341,19830,3086,6904,2476,5223,610,1681,8219
1062,2014-15,SAC,82,0.354,19855,3010,6617,2549,5267,461,1350,8310
1063,2016-17,SAC,82,0.39,19880,3105,6734,2368,4774,737,1960,8430
1064,2018-19,SAC,23,0.522,5520,1006,2107,760,1473,246,634,2637
1065,1986-87,SAC,82,0.354,19780,3522,7413,3445,7106,77,307,9095
1066,1988-89,SAC,82,0.329,19780,3362,7351,3055,6527,307,824,8651
1067,1990-91,SAC,82,0.305,19705,3086,6818,2870,6240,216,578,7928
1068,1992-93,SAC,82,0.305,19780,3360,7264,3098,6476,262,788,8847
1069,1994-95,SAC,82,0.476,19855,3025,6463,2666,5426,359,1037,8056
1070,1996-97,SAC,82,0.415,19855,3000,6611,2586,5553,414,1058,7908
1071,1998-99,SAC*,50,0.54,12200,1918,4307,1628,3364,290,943,5009
1072,2000-01,SAC*,82,0.671,20080,3132,6969,2653,5616,479,1353,8343
1073,2002-03,SAC*,82,0.72,19830,3242,6990,2751,5702,491,1288,8342
1074,2004-05,SAC*,82,0.61,19855,3203,6978,2681,5582,522,1396,8505
1075,2006-07,SAC,82,0.402,19805,2941,6532,2411,5019,530,1513,8303
1076,2007-08,SAC,82,0.463,19830,3043,6558,2533,5191,510,1367,8408
1077,2009-10,SAC,82,0.305,19880,3144,6895,2662,5512,482,1383,8200
1078,2011-12,SAC,66,0.333,15915,2490,5712,2079,4411,411,1301,6518
1079,2013-14,SAC,82,0.341,19830,3026,6766,2535,5291,491,1475,8241
1080,2015-16,SAC,82,0.402,19805,3283,7083,2623,5244,660,1839,8740
1081,2017-18,SAC,82,0.329,19755,3179,7063,2441,5096,738,1967,8104
1082,1985-86,SAC*,82,0.451,19780,3538,7220,3508,7086,30,134,8924
1083,1987-88,SAC,82,0.293,19780,3458,7337,3314,6887,144,450,8855
1084,1989-90,SAC,82,0.28,19755,3305,7056,3089,6407,216,649,8341
1085,1991-92,SAC,82,0.354,19830,3348,7189,3110,6514,238,675,8549
1086,1993-94,SAC,82,0.341,19755,3179,7027,2922,6298,257,729,8291
1087,1995-96,SAC*,82,0.476,19755,2971,6494,2509,5300,462,1194,8163
1088,1997-98,SAC,82,0.329,19730,2957,6684,2674,5878,283,806,7637
1089,1999-00,SAC*,82,0.537,19805,3276,7288,2742,5632,534,1656,8607
1090,2001-02,SAC*,82,0.744,19755,3267,7003,2841,5843,426,1160,8578
1091,2003-04,SAC*,82,0.671,19780,3103,6711,2502,5213,601,1498,8433
1092,2005-06,SAC*,82,0.537,19830,2954,6500,2460,5092,494,1408,8106
1093,1977-78,SAS*,82,0.634,19780,3794,7594,3794,7594,,,9385
1094,1979-80,SAS*,82,0.5,19755,3856,7738,3804,7532,52,206,9788
1095,1981-82,SAS*,82,0.585,19755,3698,7613,3634,7361,64,252,9272
1096,1983-84,SAS,82,0.451,19980,3909,7721,3830,7458,79,263,9862
1097,1985-86,SAS*,82,0.427,19805,3596,7104,3550,6908,46,196,9120
1098,1987-88,SAS*,82,0.378,19805,3706,7559,3573,7147,133,412,9314
1099,1989-90,SAS*,82,0.683,19730,3388,6997,3334,6771,54,226,8718
1100,1991-92,SAS*,82,0.573,19780,3377,7090,3259,6686,118,404,8524
1101,1993-94,SAS*,82,0.671,19780,3178,6688,2929,5974,249,714,8202
1102,1995-96,SAS*,82,0.72,19780,3148,6602,2630,5282,518,1320,8477
1103,1997-98,SAS*,82,0.683,19830,2898,6187,2596,5324,302,863,7587
1104,1999-00,SAS*,82,0.646,19855,2952,6393,2622,5511,330,882,7886
1105,2001-02,SAS*,82,0.707,19855,2913,6363,2475,5152,438,1211,7932
1106,2003-04,SAS*,82,0.695,19755,2842,6434,2434,5294,408,1140,7501
1107,2005-06,SAS*,82,0.768,19805,2993,6342,2469,4980,524,1362,7837
1108,2007-08,SAS*,82,0.683,19730,2938,6424,2344,4814,594,1610,7820
1109,2009-10,SAS*,82,0.61,19780,3150,6659,2596,5112,554,1547,8312
1110,2011-12,SAS*,66,0.758,15940,2611,5463,2059,4058,552,1405,6841
1111,2013-14,SAS*,82,0.756,19755,3326,6844,2628,5087,698,1757,8639
1112,2015-16,SAS*,82,0.817,19705,3289,6797,2719,5279,570,1518,8490
1113,2017-18,SAS*,82,0.573,19730,3202,6999,2506,5022,696,1977,8424
1114,1976-77,SAS*,82,0.537,19755,3711,7657,3711,7657,,,9432
1115,1978-79,SAS*,82,0.585,19830,3927,7760,3927,7760,,,9780
1116,1980-81,SAS*,82,0.634,19805,3571,7276,3556,7191,15,85,9209
1117,1982-83,SAS*,82,0.646,19780,3697,7340,3603,7032,94,308,9375
1118,1984-85,SAS*,82,0.5,19780,3698,7202,3643,7000,55,202,9412
1119,1986-87,SAS,82,0.341,19805,3532,7456,3415,7053,117,403,8882
1120,1988-89,SAS,82,0.256,19755,3469,7409,3406,7116,63,293,8652
1121,1990-91,SAS*,82,0.671,19830,3409,6988,3328,6691,81,297,8782
1122,1992-93,SAS*,82,0.598,19855,3311,6762,3075,6070,236,692,8652
1123,1994-95,SAS*,82,0.756,19855,3236,6687,2802,5529,434,1158,8742
1124,1996-97,SAS,82,0.244,19730,2827,6391,2449,5211,378,1180,7418
1125,1998-99,SAS*,50,0.74,12075,1740,3812,1568,3291,172,521,4640
1126,2000-01,SAS*,82,0.707,19830,2884,6262,2439,5168,445,1094,7886
1127,2002-03,SAS*,82,0.732,19830,2908,6297,2459,5027,449,1270,7856
1128,2004-05,SAS*,82,0.72,19805,2923,6450,2416,5055,507,1395,7888
1129,2006-07,SAS*,82,0.707,19780,2999,6328,2404,4767,595,1561,8079
1130,2008-09,SAS*,82,0.659,19905,3042,6534,2417,4914,625,1620,7958
1131,2010-11,SAS*,82,0.744,19780,3148,6628,2463,4901,685,1727,8502
1132,2012-13,SAS*,82,0.707,19880,3210,6675,2547,4911,663,1764,8448
1133,2014-15,SAS*,82,0.671,19955,3208,6854,2531,5007,677,1847,8461
1134,2016-17,SAS*,82,0.744,19805,3222,6864,2469,4937,753,1927,8637
1135,2018-19,SAS,25,0.44,6050,1027,2244,795,1634,232,610,2735
1136,1979-80,SDC,82,0.427,19755,3524,7494,3347,6951,177,543,8820
1137,1981-82,SDC,82,0.207,19755,3552,7101,3453,6763,99,338,8896
1138,1983-84,SDC,82,0.366,19730,3634,7325,3610,7197,24,128,9077
1139,1978-79,SDC,82,0.524,19730,3721,7706,3721,7706,,,9278
1140,1980-81,SDC,82,0.439,19730,3477,7283,3345,6876,132,407,8737
1141,1982-83,SDC,82,0.305,19830,3625,7634,3561,7372,64,262,8903
1142,1969-70,SDR,82,0.329,19780,3866,8867,3866,8867,,,9732
1143,1968-69,SDR*,82,0.451,19780,3691,8631,3691,8631,,,9456
1144,1970-71,SDR,82,0.488,19730,3547,8426,3547,8426,,,9282
1145,1968-69,SFW*,82,0.5,19905,3414,8218,3414,8218,,,8947
1146,1970-71,SFW*,82,0.5,19705,3454,7709,3454,7709,,,8783
1147,1969-70,SFW,82,0.366,19830,3555,8224,3555,8224,,,9114
1148,1968-69,SEA,82,0.366,19830,3543,8149,3543,8149,,,9191
1149,1970-71,SEA,82,0.463,19730,3664,8034,3664,8034,,,9429
1150,1972-73,SEA,82,0.317,19780,3447,7681,3447,7681,,,8500
1151,1974-75,SEA*,82,0.524,19880,3488,7653,3488,7653,,,8451
1152,1976-77,SEA,82,0.488,19805,3439,7639,3439,7639,,,8524
1153,1978-79,SEA*,82,0.634,19755,3504,7484,3504,7484,,,8740
1154,1980-81,SEA,82,0.415,19780,3343,7145,3311,7028,32,117,8531
1155,1982-83,SEA*,82,0.585,19805,3597,7277,3568,7139,29,138,9019
1156,1984-85,SEA,82,0.378,19705,3277,6910,3232,6725,45,185,8376
1157,1986-87,SEA*,82,0.476,19855,3593,7451,3402,6880,191,571,9325
1158,1988-89,SEA*,82,0.573,19780,3564,7478,3271,6704,293,774,9196
1159,1990-91,SEA*,82,0.5,19880,3500,7117,3364,6690,136,427,8744
1160,1992-93,SEA*,82,0.671,19780,3473,7140,3255,6530,218,610,8884
1161,1994-95,SEA*,82,0.695,19830,3310,6741,2819,5436,491,1305,9055
1162,1996-97,SEA*,82,0.695,19780,2995,6415,2436,4832,559,1583,8274
1163,1998-99,SEA,50,0.5,12100,1756,3976,1447,3077,309,899,4743
1164,2000-01,SEA,82,0.537,19805,3029,6649,2563,5480,466,1169,7978
1165,2002-03,SEA,82,0.488,19855,2887,6599,2431,5308,456,1291,7555
1166,2004-05,SEA*,82,0.634,19755,2882,6498,2216,4674,666,1824,8113
1167,2006-07,SEA,82,0.378,19830,3047,6628,2522,5177,525,1451,8130
1168,1969-70,SEA,82,0.439,19780,3709,8029,3709,8029,,,9589
1169,1971-72,SEA,82,0.573,19755,3461,7457,3461,7457,,,8957
1170,1973-74,SEA,82,0.439,19755,3584,8056,3584,8056,,,8774
1171,1975-76,SEA*,82,0.524,19780,3542,7730,3542,7730,,,8726
1172,1977-78,SEA*,82,0.573,19780,3445,7715,3445,7715,,,8565
1173,1979-80,SEA*,82,0.683,19830,3554,7565,3495,7376,59,189,8897
1174,1981-82,SEA*,82,0.634,19830,3505,7178,3467,7025,38,153,8795
1175,1983-84,SEA*,82,0.512,19780,3460,7083,3433,6943,27,140,8865
1176,1985-86,SEA,82,0.378,19930,3335,7059,3256,6759,79,300,8564
1177,1987-88,SEA*,82,0.537,19855,3544,7443,3323,6805,221,638,9135
1178,1989-90,SEA,82,0.5,19905,3466,7243,3235,6593,231,650,8769
1179,1991-92,SEA*,82,0.573,19855,3380,7128,3175,6481,205,647,8737
1180,1993-94,SEA*,82,0.768,19730,3338,6901,3096,6179,242,722,8687
1181,1995-96,SEA*,82,0.78,19880,3074,6401,2493,4805,581,1596,8572
1182,1997-98,SEA*,82,0.744,19755,3052,6458,2431,4889,621,1569,8246
1183,1999-00,SEA*,82,0.549,19780,3108,6946,2562,5335,546,1611,8125
1184,2001-02,SEA*,82,0.549,19830,3131,6681,2642,5389,489,1292,8014
1185,2003-04,SEA,82,0.451,19805,2939,6590,2216,4654,723,1936,7964
1186,2005-06,SEA,82,0.427,19830,3077,6711,2472,5080,605,1631,8411
1187,2007-08,SEA,82,0.244,19830,3125,7032,2812,6093,313,939,7999
1188,1995-96,TOR,82,0.256,19830,3084,6598,2670,5430,414,1168,7994
1189,1997-98,TOR,82,0.195,19930,2965,6813,2593,5727,372,1086,7781
1190,1999-00,TOR*,82,0.549,19755,2980,6882,2555,5711,425,1171,7968
1191,2001-02,TOR*,82,0.512,19755,2919,6727,2532,5618,387,1109,7494
1192,2003-04,TOR,82,0.402,19980,2654,6348,2193,5054,461,1294,7006
1193,2005-06,TOR,82,0.329,19955,3013,6639,2405,5019,608,1620,8287
1194,2007-08,TOR*,82,0.5,19830,3148,6726,2576,5267,572,1459,8215
1195,2009-10,TOR,82,0.488,19780,3199,6631,2681,5234,518,1397,8534
1196,2011-12,TOR,66,0.348,15965,2268,5154,1903,4079,365,1075,5986
1197,2013-14,TOR*,82,0.585,19955,2992,6718,2279,4801,713,1917,8305
1198,2015-16,TOR*,82,0.683,19780,3006,6669,2298,4754,708,1915,8422
1199,2017-18,TOR*,82,0.72,19830,3383,7169,2415,4464,968,2705,9156
1200,1996-97,TOR,82,0.366,19830,2897,6632,2308,5008,589,1624,7829
1201,1998-99,TOR,50,0.46,12075,1660,3940,1434,3278,226,662,4557
1202,2000-01,TOR*,82,0.573,19955,3048,6972,2619,5808,429,1164,8007
1203,2002-03,TOR,82,0.293,19805,2847,6664,2438,5471,409,1193,7453
1204,2004-05,TOR,82,0.402,19805,2952,6656,2304,4975,648,1681,8178
1205,2006-07,TOR*,82,0.573,19755,3032,6547,2501,5083,531,1464,8157
1206,2008-09,TOR,82,0.402,19805,3054,6673,2575,5384,479,1289,8121
1207,2010-11,TOR,82,0.268,19780,3144,6755,2799,5664,345,1091,8124
1208,2012-13,TOR,82,0.415,19980,2979,6685,2408,5020,571,1665,7971
1209,2014-15,TOR*,82,0.598,19855,3108,6829,2382,4769,726,2060,8527
1210,2016-17,TOR*,82,0.622,19780,3211,6918,2486,4922,725,1996,8762
1211,2018-19,TOR,26,0.808,6290,1140,2328,840,1456,300,872,3027
1212,1998-99,UTA*,50,0.74,12175,1684,3620,1544,3232,140,388,4666
1213,2000-01,UTA*,82,0.646,19780,2960,6289,2635,5437,325,852,7959
1214,2002-03,UTA*,82,0.573,19780,2894,6189,2670,5548,224,641,7762
1215,2004-05,UTA,82,0.317,19780,2828,6301,2578,5539,250,762,7625
1216,2006-07,UTA*,82,0.622,19805,3069,6471,2715,5415,354,1056,8322
1217,2008-09,UTA*,82,0.585,19880,3143,6623,2751,5501,392,1122,8492
1218,2010-11,UTA,82,0.476,19880,3064,6590,2629,5334,435,1256,8153
1219,2012-13,UTA,82,0.524,19880,3046,6710,2539,5325,507,1385,8038
1220,2014-15,UTA,82,0.463,19705,2900,6492,2290,4711,610,1781,7801
1221,2016-17,UTA*,82,0.622,19755,3033,6515,2242,4387,791,2128,8258
1222,2018-19,UTA,25,0.48,6000,968,2088,698,1289,270,799,2675
1223,1980-81,UTA,82,0.341,19730,3332,6825,3290,6662,42,163,8301
1224,1982-83,UTA,82,0.366,19755,3525,7342,3481,7159,44,183,8938
1225,1984-85,UTA*,82,0.5,19755,3478,7302,3375,6995,103,307,8937
1226,1986-87,UTA*,82,0.537,19755,3485,7514,3346,7066,139,448,8844
1227,1988-89,UTA*,82,0.622,19730,3182,6595,3068,6215,114,380,8588
1228,1990-91,UTA*,82,0.659,19780,3214,6537,3066,6079,148,458,8527
1229,1992-93,UTA*,82,0.573,19755,3336,6828,3206,6414,130,414,8709
1230,1994-95,UTA*,82,0.732,19780,3243,6339,2942,5538,301,801,8726
1231,1996-97,UTA*,82,0.78,19830,3131,6217,2797,5315,334,902,8454
1232,1997-98,UTA*,82,0.756,19780,2993,6113,2744,5443,249,670,8279
1233,1999-00,UTA*,82,0.671,19755,2962,6380,2633,5526,329,854,7914
1234,2001-02,UTA*,82,0.537,19830,2869,6374,2589,5532,280,842,7871
1235,2003-04,UTA,82,0.512,19780,2690,6172,2438,5386,252,786,7271
1236,2005-06,UTA,82,0.5,19880,2744,6207,2433,5282,311,925,7573
1237,2007-08,UTA*,82,0.659,19705,3279,6592,2872,5497,407,1095,8710
1238,2009-10,UTA*,82,0.646,19755,3227,6575,2788,5368,439,1207,8547
1239,2011-12,UTA*,66,0.545,16165,2523,5531,2250,4686,273,845,6577
1240,2013-14,UTA,82,0.305,19780,2951,6652,2408,5075,543,1577,7791
1241,2015-16,UTA,82,0.488,19955,2957,6593,2263,4637,694,1956,8010
1242,2017-18,UTA*,82,0.585,19755,3139,6797,2252,4372,887,2425,8540
1243,1979-80,UTA,82,0.293,19805,3382,6817,3323,6632,59,185,8394
1244,1981-82,UTA,82,0.305,19780,3679,7446,3657,7349,22,97,9094
1245,1983-84,UTA*,82,0.549,19780,3606,7242,3505,6925,101,317,9428
1246,1985-86,UTA*,82,0.512,19780,3453,7083,3418,6914,35,169,8871
1247,1987-88,UTA*,82,0.573,19705,3484,7092,3355,6688,129,404,8899
1248,1989-90,UTA*,82,0.671,19830,3330,6593,3104,5963,226,630,8760
1249,1991-92,UTA*,82,0.671,19880,3379,6866,3221,6408,158,458,8877
1250,1993-94,UTA*,82,0.646,19830,3207,6729,3028,6170,179,559,8354
1251,1995-96,UTA*,82,0.671,19780,3129,6417,2752,5404,377,1013,8404
1252,1996-97,VAN,82,0.171,19780,2819,6453,2374,5179,445,1274,7313
1253,1998-99,VAN,50,0.16,12175,1643,3838,1495,3385,148,453,4443
1254,2000-01,VAN,82,0.28,19780,2870,6539,2545,5592,325,947,7522
1255,1995-96,VAN,82,0.183,19880,2772,6483,2400,5354,372,1129,7362
1256,1997-98,VAN,82,0.232,19830,3006,6567,2681,5669,325,898,7923
1257,1999-00,VAN,82,0.268,19855,2892,6441,2568,5543,324,898,7702
1258,1975-76,WSB*,82,0.585,19905,3416,7234,3416,7234,,,8427
1259,1977-78,WSB*,82,0.537,19830,3580,7772,3580,7772,,,9047
1260,1979-80,WSB*,82,0.476,19880,3574,7796,3501,7558,73,238,8773
1261,1981-82,WSB*,82,0.524,19830,3400,7168,3341,6932,59,236,8485
1262,1983-84,WSB*,82,0.427,19905,3344,6907,3273,6625,71,282,8423
1263,1985-86,WSB*,82,0.476,19855,3311,7148,3195,6740,116,408,8442
1264,1987-88,WSB*,82,0.463,19880,3355,7164,3326,7026,29,138,8653
1265,1989-90,WSB,82,0.378,19830,3598,7581,3561,7384,37,197,8832
1266,1991-92,WSB,82,0.305,19855,3364,7301,3218,6764,146,537,8395
1267,1993-94,WSB,82,0.293,19705,3195,6826,2974,6082,221,744,8229
1268,1995-96,WSB,82,0.476,19805,3202,6618,2709,5406,493,1212,8408
1269,1974-75,WSB*,82,0.732,19805,3555,7697,3555,7697,,,8585
1270,1976-77,WSB*,82,0.585,19730,3514,7479,3514,7479,,,8650
1271,1978-79,WSB*,82,0.659,19780,3819,7873,3819,7873,,,9423
1272,1980-81,WSB,82,0.476,19780,3549,7517,3484,7276,65,241,8662
1273,1982-83,WSB,82,0.512,19805,3306,7059,3236,6822,70,237,8134
1274,1984-85,WSB*,82,0.488,19855,3534,7383,3425,6985,109,398,8655
1275,1986-87,WSB*,82,0.512,19705,3356,7397,3313,7179,43,218,8690
1276,1988-89,WSB,82,0.488,19855,3519,7591,3467,7348,52,243,8879
1277,1990-91,WSB,82,0.366,19855,3390,7268,3335,6984,55,284,8313
1278,1992-93,WSB,82,0.268,19805,3302,7065,3128,6487,174,578,8353
1279,1994-95,WSB,82,0.256,19855,3176,6899,2743,5635,433,1264,8242
1280,1996-97,WSB*,82,0.537,19855,3208,6678,2877,5677,331,1001,8147
1281,1997-98,WAS,82,0.512,19805,3080,6811,2760,5867,320,944,7969
1282,1999-00,WAS,82,0.354,19805,3010,6681,2675,5791,335,890,7921
1283,2001-02,WAS,82,0.451,19730,2938,6664,2633,5878,305,786,7609
1284,2003-04,WAS,82,0.305,19830,2758,6556,2325,5287,433,1269,7528
1285,2005-06,WAS*,82,0.512,19830,2975,6656,2478,5262,497,1394,8336
1286,2007-08,WAS*,82,0.524,19905,2986,6695,2411,5081,575,1614,8104
1287,2009-10,WAS,82,0.317,19830,3008,6700,2576,5475,432,1225,7892
1288,2011-12,WAS,66,0.303,15865,2414,5475,2070,4400,344,1075,6180
1289,2013-14,WAS*,82,0.537,20055,3177,6920,2530,5216,647,1704,8254
1290,2015-16,WAS,82,0.5,19755,3238,7033,2529,5050,709,1983,8534
1291,2017-18,WAS*,82,0.524,19855,3275,7018,2461,4845,814,2173,8742
1292,1998-99,WAS,50,0.36,12050,1768,3969,1589,3389,179,580,4560
1293,2000-01,WAS,82,0.232,19680,2833,6453,2558,5605,275,848,7645
1294,2002-03,WAS,82,0.451,19830,2816,6394,2563,5583,253,811,7502
1295,2004-05,WAS*,82,0.549,19780,2966,6794,2452,5296,514,1498,8241
1296,2006-07,WAS*,82,0.5,19830,3070,6820,2509,5206,561,1614,8556
1297,2008-09,WAS,82,0.232,19705,2994,6655,2599,5457,395,1198,7877
1298,2010-11,WAS,82,0.28,19930,3048,6888,2656,5706,392,1182,7977
1299,2012-13,WAS,82,0.354,19855,2910,6693,2365,5198,545,1495,7644
1300,2014-15,WAS*,82,0.561,19955,3139,6790,2642,5409,497,1381,8080
1301,2016-17,WAS*,82,0.598,19855,3388,7137,2632,5107,756,2030,8953
1302,2018-19,WAS,25,0.44,6050,1026,2230,762,1413,264,817,2811